model,dataset,construction_time (parallel),construction_time (sequential),search_time,search_timex_refined (parallel),search_timex_refined (sequential),recall,refined_recall,scann_peram,annoy_peram
annoy,deep,83.29723238945007,83.29723238945007,0.05834317207336426,0.11996030807495117,0.11996030807495117,0.3575,0.4765,,25
annoy,deep,148.973069190979,148.973069190979,0.10140824317932129,0.1692056655883789,0.1692056655883789,0.51225,0.638,,50
annoy,deep,169.98253417015076,169.98253417015076,0.1244974136352539,0.20178604125976562,0.20178604125976562,0.664,0.77475,,100
annoy,deep,538.6883473396301,538.6883473396301,0.26427197456359863,0.4147186279296875,0.4147186279296875,0.79125,0.87475,,200
annoy,deep,1101.5299990177155,1101.5299990177155,0.47952961921691895,0.692859411239624,0.692859411239624,0.88775,0.94,,400
annoy,glove,58.00349235534668,58.00349235534668,0.041075706481933594,0.09160375595092773,0.09160375595092773,0.199,0.2795,,25
annoy,glove,113.9492495059967,113.9492495059967,0.07471251487731934,0.14620637893676758,0.14620637893676758,0.304,0.3955,,50
annoy,glove,217.1583104133606,217.1583104133606,0.15333342552185059,0.27129340171813965,0.27129340171813965,0.434,0.5365,,100
annoy,glove,426.5826919078827,426.5826919078827,0.29096293449401855,0.43410515785217285,0.43410515785217285,0.5535,0.64675,,200
annoy,glove,867.4442932605743,867.4442932605743,0.5761933326721191,0.8266811370849609,0.8266811370849609,0.65875,0.739,,400
annoy,sun,6.912717342376709,6.912717342376709,0.06948590278625488,0.11864686012268066,0.11864686012268066,0.47125,0.575,,25
annoy,sun,9.298052310943604,9.298052310943604,0.0695338249206543,0.12851929664611816,0.12851929664611816,0.6005,0.717,,50
annoy,sun,13.41434097290039,13.41434097290039,0.1119542121887207,0.19369840621948242,0.19369840621948242,0.73375,0.82725,,100
annoy,sun,60.88507294654846,60.88507294654846,0.5212295055389404,0.7998368740081787,0.7998368740081787,0.83125,0.8975,,200
annoy,sun,121.599200963974,121.599200963974,0.7352089881896973,1.0769739151000977,1.0769739151000977,0.9065,0.948,,400
annoy,audio,2.143280029296875,2.143280029296875,0.01980876922607422,0.05591726303100586,0.05591726303100586,0.7785,0.87375,,25
annoy,audio,3.177765369415283,3.177765369415283,0.03264498710632324,0.07630276679992676,0.07630276679992676,0.892,0.94775,,50
annoy,audio,4.3625383377075195,4.3625383377075195,0.06479310989379883,0.11952638626098633,0.11952638626098633,0.9525,0.9795,,100
annoy,audio,11.956315755844116,11.956315755844116,0.18140721321105957,0.28287625312805176,0.28287625312805176,0.98425,0.99275,,200
annoy,audio,26.119373321533203,26.119373321533203,0.40373873710632324,0.5796797275543213,0.5796797275543213,0.993,0.998,,400
annoy,millionSong,110.82579827308655,110.82579827308655,0.06763410568237305,0.12750577926635742,0.12750577926635742,0.485,0.602,,25
annoy,millionSong,180.83115363121033,180.83115363121033,0.10081934928894043,0.15572071075439453,0.15572071075439453,0.61175,0.73475,,50
annoy,millionSong,348.90191531181335,348.90191531181335,0.17149019241333008,0.27396631240844727,0.27396631240844727,0.749,0.84775,,100
annoy,millionSong,635.8386189937592,635.8386189937592,0.2445530891418457,0.3227832317352295,0.3227832317352295,0.84625,0.9195,,200
annoy,millionSong,1298.8376021385193,1298.8376021385193,0.4214518070220947,0.5491161346435547,0.5491161346435547,0.926,0.96175,,400
annoy,nuswide,29.671505451202393,29.671505451202393,0.09514188766479492,0.1587681770324707,0.1587681770324707,0.21475,0.2655,,25
annoy,nuswide,60.029157638549805,60.029157638549805,0.15706849098205566,0.27074623107910156,0.27074623107910156,0.27425,0.3405,,50
annoy,nuswide,121.29718041419983,121.29718041419983,0.23475360870361328,0.3932225704193115,0.3932225704193115,0.342,0.413,,100
annoy,nuswide,230.9794704914093,230.9794704914093,0.3978579044342041,0.6318392753601074,0.6318392753601074,0.413,0.489,,200
annoy,nuswide,402.9712378978729,402.9712378978729,0.6560585498809814,0.9411466121673584,0.9411466121673584,0.49025,0.56475,,400
annoy,MNIST,8.473284482955933,8.473284482955933,0.06971192359924316,0.13405394554138184,0.13405394554138184,0.77825,0.86175,,25
annoy,MNIST,10.736975908279419,10.736975908279419,0.10674405097961426,0.18010377883911133,0.18010377883911133,0.88125,0.93825,,50
annoy,MNIST,31.22701406478882,31.22701406478882,0.3146085739135742,0.48883819580078125,0.48883819580078125,0.95125,0.97775,,100
annoy,MNIST,67.09354758262634,67.09354758262634,0.490278959274292,0.6917145252227783,0.6917145252227783,0.9825,0.99375,,200
annoy,MNIST,117.6745958328247,117.6745958328247,0.7678935527801514,1.067793846130371,1.067793846130371,0.99325,0.997,,400
annoy,notre,13.005797147750854,13.005797147750854,0.0356903076171875,0.07467532157897949,0.07467532157897949,0.6475,0.744,,25
annoy,notre,19.22399592399597,19.22399592399597,0.041010379791259766,0.08939313888549805,0.08939313888549805,0.763,0.847,,50
annoy,notre,64.82071113586426,64.82071113586426,0.14580321311950684,0.24339771270751953,0.24339771270751953,0.86225,0.918,,100
annoy,notre,141.17657709121704,141.17657709121704,0.28107523918151855,0.4247100353240967,0.4247100353240967,0.92525,0.96525,,200
annoy,notre,234.79500436782837,234.79500436782837,0.48977231979370117,0.715224027633667,0.715224027633667,0.964,0.98525,,400
annoy,sift,60.60543441772461,60.60543441772461,6.867233753204346,18.898146629333496,18.898146629333496,0.643507,0.772008,,25
annoy,sift,66.75647592544556,66.75647592544556,7.597660064697266,20.0733962059021,20.0733962059021,0.786072,0.881251,,50
annoy,sift,202.02834558486938,202.02834558486938,17.239354610443115,35.54121375083923,35.54121375083923,0.884919,0.943604,,100
annoy,sift,442.3393840789795,442.3393840789795,37.018513917922974,64.24642848968506,64.24642848968506,0.943213,0.974929,,200
annoy,sift,678.8316662311554,678.8316662311554,51.182209968566895,87.44671082496643,87.44671082496643,0.973164,0.989016,,400
annoy,imageNet,151.95080828666687,151.95080828666687,0.03557920455932617,0.07975220680236816,0.07975220680236816,0.3135,0.429,,25
annoy,imageNet,188.38766264915466,188.38766264915466,0.0595250129699707,0.1089322566986084,0.1089322566986084,0.43875,0.577,,50
annoy,imageNet,537.2498960494995,537.2498960494995,0.14340472221374512,0.2249770164489746,0.2249770164489746,0.582,0.7185,,100
annoy,imageNet,1087.761706829071,1087.761706829071,0.27523136138916016,0.40362000465393066,0.40362000465393066,0.73275,0.8395,,200
annoy,imageNet,1501.7665362358093,1501.7665362358093,0.3908059597015381,0.4913139343261719,0.4913139343261719,0.84675,0.9165,,400
scann,deep,155.14777445793152,155.14777445793152,0.22383928298950195,0.22623205184936523,0.22623205184936523,0.71675,0.90275,2000-1000-250000-2-0.2,
scann,deep,167.46843338012695,167.46843338012695,0.04514670372009277,0.037642717361450195,0.037642717361450195,0.7115,0.89425,2000-100-250000-2-0.2,
scann,deep,161.03953862190247,161.03953862190247,0.01861739158630371,0.012873172760009766,0.012873172760009766,0.61575,0.7265,2000-10-250000-2-0.2,
scann,deep,165.7524402141571,165.7524402141571,0.0652923583984375,0.06580853462219238,0.06580853462219238,0.71475,0.90025,2000-200-250000-2-0.2,
scann,deep,167.8778293132782,167.8778293132782,0.025713443756103516,0.01997852325439453,0.01997852325439453,0.67475,0.831,2000-25-250000-2-0.2,
scann,deep,161.5195996761322,161.5195996761322,0.11216974258422852,0.1038675308227539,0.1038675308227539,0.716,0.90225,2000-400-250000-2-0.2,
scann,deep,162.0032844543457,162.0032844543457,0.030531883239746094,0.025788307189941406,0.025788307189941406,0.698,0.8735,2000-50-250000-2-0.2,
scann,deep,162.38155603408813,162.38155603408813,0.1727306842803955,0.16349363327026367,0.16349363327026367,0.71675,0.90275,2000-600-250000-2-0.2,
scann,deep,168.50011038780212,168.50011038780212,0.03944516181945801,0.03177237510681152,0.03177237510681152,0.7085,0.88825,2000-75-250000-2-0.2,
scann,glove,75.10725712776184,75.10725712776184,0.17468905448913574,0.18159747123718262,0.18159747123718262,0.53975,0.6985,2000-1000-250000-2-0.2,
scann,glove,72.54348516464233,72.54348516464233,0.03525948524475098,0.03220176696777344,0.03220176696777344,0.5335,0.68,2000-100-250000-2-0.2,
scann,glove,62.27892518043518,62.27892518043518,0.012918949127197266,0.00947713851928711,0.00947713851928711,0.46125,0.55775,2000-10-250000-2-0.2,
scann,glove,73.55118083953857,73.55118083953857,0.05133819580078125,0.05105781555175781,0.05105781555175781,0.5385,0.692,2000-200-250000-2-0.2,
scann,glove,62.23160004615784,62.23160004615784,0.01930689811706543,0.015540599822998047,0.015540599822998047,0.50375,0.62725,2000-25-250000-2-0.2,
scann,glove,77.08948588371277,77.08948588371277,0.08777499198913574,0.08785676956176758,0.08785676956176758,0.53975,0.69425,2000-400-250000-2-0.2,
scann,glove,67.99000525474548,67.99000525474548,0.023685693740844727,0.022715091705322266,0.022715091705322266,0.52175,0.65725,2000-50-250000-2-0.2,
scann,glove,71.7261221408844,71.7261221408844,0.11164546012878418,0.11121344566345215,0.11121344566345215,0.53875,0.69725,2000-600-250000-2-0.2,
scann,glove,76.52783751487732,76.52783751487732,0.029527902603149414,0.028385639190673828,0.028385639190673828,0.531,0.6735,2000-75-250000-2-0.2,
scann,sun,82.48022437095642,82.48022437095642,0.11609029769897461,0.11841750144958496,0.11841750144958496,0.7185,0.91,2000-1000-250000-2-0.2,
scann,sun,89.83612132072449,89.83612132072449,0.03038311004638672,0.030048847198486328,0.030048847198486328,0.68875,0.847,2000-100-250000-2-0.2,
scann,sun,76.5147852897644,76.5147852897644,0.020532608032226562,0.018483877182006836,0.018483877182006836,0.38475,0.4015,2000-10-250000-2-0.2,
scann,sun,85.86291170120239,85.86291170120239,0.04272603988647461,0.0428011417388916,0.0428011417388916,0.7105,0.8915,2000-200-250000-2-0.2,
scann,sun,81.71897912025452,81.71897912025452,0.0214078426361084,0.020566225051879883,0.020566225051879883,0.55225,0.61275,2000-25-250000-2-0.2,
scann,sun,89.32081317901611,89.32081317901611,0.06531739234924316,0.06682372093200684,0.06682372093200684,0.717,0.9075,2000-400-250000-2-0.2,
scann,sun,79.16007447242737,79.16007447242737,0.024989843368530273,0.02511429786682129,0.02511429786682129,0.6415,0.75575,2000-50-250000-2-0.2,
scann,sun,83.24153256416321,83.24153256416321,0.08001923561096191,0.08112621307373047,0.08112621307373047,0.718,0.9095,2000-600-250000-2-0.2,
scann,sun,85.07126951217651,85.07126951217651,0.028743267059326172,0.025516033172607422,0.025516033172607422,0.673,0.81675,2000-75-250000-2-0.2,
scann,audio,23.18119740486145,23.18119740486145,0.0772707462310791,0.08357095718383789,0.08357095718383789,0.6855,0.88275,2000-1000-250000-2-0.2,
scann,audio,21.757128953933716,21.757128953933716,0.017290830612182617,0.017644643783569336,0.017644643783569336,0.68175,0.87325,2000-100-250000-2-0.2,
scann,audio,17.317301511764526,17.317301511764526,0.007165431976318359,0.006492137908935547,0.006492137908935547,0.57475,0.6735,2000-10-250000-2-0.2,
scann,audio,21.909144639968872,21.909144639968872,0.02437615394592285,0.025458812713623047,0.025458812713623047,0.684,0.879,2000-200-250000-2-0.2,
scann,audio,18.40098261833191,18.40098261833191,0.008715629577636719,0.008183717727661133,0.008183717727661133,0.6535,0.816,2000-25-250000-2-0.2,
scann,audio,23.144413709640503,23.144413709640503,0.048166751861572266,0.048970937728881836,0.048970937728881836,0.685,0.883,2000-400-250000-2-0.2,
scann,audio,18.32329821586609,18.32329821586609,0.010430574417114258,0.010339975357055664,0.010339975357055664,0.67925,0.86025,2000-50-250000-2-0.2,
scann,audio,23.237333059310913,23.237333059310913,0.05106616020202637,0.054273128509521484,0.054273128509521484,0.6855,0.883,2000-600-250000-2-0.2,
scann,audio,21.83855938911438,21.83855938911438,0.01499319076538086,0.015102148056030273,0.015102148056030273,0.6805,0.87,2000-75-250000-2-0.2,
scann,millionSong,230.11425614356995,230.11425614356995,0.476412296295166,0.5975437164306641,0.5975437164306641,0.0,0.0,2000-1000-250000-2-0.2,
scann,millionSong,245.79801440238953,245.79801440238953,0.06921195983886719,0.07514142990112305,0.07514142990112305,0.00075,0.001,2000-100-250000-2-0.2,
scann,millionSong,254.57603001594543,254.57603001594543,0.02927422523498535,0.017947912216186523,0.017947912216186523,0.00225,0.0055,2000-10-250000-2-0.2,
scann,millionSong,237.27852177619934,237.27852177619934,0.11669039726257324,0.13799834251403809,0.13799834251403809,0.00025,0.00075,2000-200-250000-2-0.2,
scann,millionSong,241.50393962860107,241.50393962860107,0.03068709373474121,0.024333953857421875,0.024333953857421875,0.00125,0.00225,2000-25-250000-2-0.2,
scann,millionSong,234.7111291885376,234.7111291885376,0.2348029613494873,0.259580135345459,0.259580135345459,0.00025,0.0005,2000-400-250000-2-0.2,
scann,millionSong,252.8824496269226,252.8824496269226,0.055548667907714844,0.04372262954711914,0.04372262954711914,0.001,0.00125,2000-50-250000-2-0.2,
scann,millionSong,235.692218542099,235.692218542099,0.30178213119506836,0.37222862243652344,0.37222862243652344,0.0,0.00025,2000-600-250000-2-0.2,
scann,millionSong,246.75626254081726,246.75626254081726,0.060808420181274414,0.06428718566894531,0.06428718566894531,0.001,0.001,2000-75-250000-2-0.2,
scann,nuswide,208.90607976913452,208.90607976913452,0.30005717277526855,0.4176907539367676,0.4176907539367676,0.00025,0.0005,2000-1000-250000-2-0.2,
scann,nuswide,220.04131388664246,220.04131388664246,0.05035758018493652,0.06078910827636719,0.06078910827636719,0.002,0.00325,2000-100-250000-2-0.2,
scann,nuswide,215.03609108924866,215.03609108924866,0.014978170394897461,0.015099287033081055,0.015099287033081055,0.00625,0.011,2000-10-250000-2-0.2,
scann,nuswide,216.26309609413147,216.26309609413147,0.07548379898071289,0.09610676765441895,0.09610676765441895,0.00125,0.00175,2000-200-250000-2-0.2,
scann,nuswide,214.3729531764984,214.3729531764984,0.02097177505493164,0.020660400390625,0.020660400390625,0.00375,0.006,2000-25-250000-2-0.2,
scann,nuswide,205.9634439945221,205.9634439945221,0.12965822219848633,0.16785407066345215,0.16785407066345215,0.00075,0.00125,2000-400-250000-2-0.2,
scann,nuswide,222.75017976760864,222.75017976760864,0.03175687789916992,0.03856682777404785,0.03856682777404785,0.003,0.0055,2000-50-250000-2-0.2,
scann,nuswide,208.68758034706116,208.68758034706116,0.19402599334716797,0.27211642265319824,0.27211642265319824,0.00025,0.00125,2000-600-250000-2-0.2,
scann,nuswide,210.96337294578552,210.96337294578552,0.036691904067993164,0.04313516616821289,0.04313516616821289,0.0025,0.004,2000-75-250000-2-0.2,
scann,MNIST,107.34893774986267,107.34893774986267,0.16745233535766602,0.16314005851745605,0.16314005851745605,0.9365,0.99875,2000-1000-250000-2-0.2,
scann,MNIST,111.44059896469116,111.44059896469116,0.037296295166015625,0.03690934181213379,0.03690934181213379,0.9325,0.99075,2000-100-250000-2-0.2,
scann,MNIST,104.55184245109558,104.55184245109558,0.023798227310180664,0.02327251434326172,0.02327251434326172,0.73625,0.75125,2000-10-250000-2-0.2,
scann,MNIST,115.95424795150757,115.95424795150757,0.054877281188964844,0.05452227592468262,0.05452227592468262,0.93575,0.997,2000-200-250000-2-0.2,
scann,MNIST,113.89367461204529,113.89367461204529,0.03062272071838379,0.028950929641723633,0.028950929641723633,0.88125,0.9195,2000-25-250000-2-0.2,
scann,MNIST,110.83136343955994,110.83136343955994,0.08547854423522949,0.08089065551757812,0.08089065551757812,0.93625,0.9985,2000-400-250000-2-0.2,
scann,MNIST,112.30043339729309,112.30043339729309,0.03609275817871094,0.03460049629211426,0.03460049629211426,0.9215,0.97275,2000-50-250000-2-0.2,
scann,MNIST,113.9024772644043,113.9024772644043,0.11410737037658691,0.11164021492004395,0.11164021492004395,0.9365,0.99875,2000-600-250000-2-0.2,
scann,MNIST,117.81664419174194,117.81664419174194,0.034090518951416016,0.03388333320617676,0.03388333320617676,0.93025,0.987,2000-75-250000-2-0.2,
scann,notre,67.8698217868805,67.8698217868805,0.09670829772949219,0.10556936264038086,0.10556936264038086,0.7575,0.91575,2000-1000-250000-2-0.2,
scann,notre,68.80387353897095,68.80387353897095,0.021737098693847656,0.02247166633605957,0.02247166633605957,0.7545,0.909,2000-100-250000-2-0.2,
scann,notre,54.456233501434326,54.456233501434326,0.008413553237915039,0.008144140243530273,0.008144140243530273,0.69225,0.8055,2000-10-250000-2-0.2,
scann,notre,66.23983120918274,66.23983120918274,0.029587984085083008,0.03192853927612305,0.03192853927612305,0.75575,0.91225,2000-200-250000-2-0.2,
scann,notre,59.44273805618286,59.44273805618286,0.010743856430053711,0.010952472686767578,0.010952472686767578,0.735,0.871,2000-25-250000-2-0.2,
scann,notre,69.85750913619995,69.85750913619995,0.050873517990112305,0.05596923828125,0.05596923828125,0.75725,0.91475,2000-400-250000-2-0.2,
scann,notre,57.79294300079346,57.79294300079346,0.014734029769897461,0.01524662971496582,0.01524662971496582,0.74875,0.8995,2000-50-250000-2-0.2,
scann,notre,64.63663983345032,64.63663983345032,0.06409406661987305,0.06778645515441895,0.06778645515441895,0.757,0.91525,2000-600-250000-2-0.2,
scann,notre,64.89640688896179,64.89640688896179,0.018680095672607422,0.01893448829650879,0.01893448829650879,0.75225,0.9065,2000-75-250000-2-0.2,
scann,sift,87.11192226409912,87.11192226409912,10.332565784454346,10.341290712356567,10.341290712356567,0.682033,0.879848,2000-1000-250000-2-0.2,
scann,sift,84.52374291419983,84.52374291419983,1.7541835308074951,1.9783775806427002,1.9783775806427002,0.680543,0.875661,2000-100-250000-2-0.2,
scann,sift,74.3733446598053,74.3733446598053,0.596306562423706,0.7223408222198486,0.7223408222198486,0.582771,0.688699,2000-10-250000-2-0.2,
scann,sift,88.77271819114685,88.77271819114685,2.8810267448425293,3.1435468196868896,3.1435468196868896,0.682035,0.879533,2000-200-250000-2-0.2,
scann,sift,78.84300708770752,78.84300708770752,0.9316980838775635,1.0845887660980225,1.0845887660980225,0.651159,0.811962,2000-25-250000-2-0.2,
scann,sift,85.34631586074829,85.34631586074829,4.4225053787231445,4.602024078369141,4.602024078369141,0.682049,0.879854,2000-400-250000-2-0.2,
scann,sift,78.66797924041748,78.66797924041748,1.308809518814087,1.5019431114196777,1.5019431114196777,0.673073,0.858134,2000-50-250000-2-0.2,
scann,sift,87.12767457962036,87.12767457962036,6.251509189605713,7.464785814285278,7.464785814285278,0.682034,0.879851,2000-600-250000-2-0.2,
scann,sift,89.46545338630676,89.46545338630676,1.5960257053375244,1.7190439701080322,1.7190439701080322,0.678676,0.87081,2000-75-250000-2-0.2,
scann,imageNet,141.71715807914734,141.71715807914734,0.38462281227111816,0.37398576736450195,0.37398576736450195,0.36975,0.49775,2000-1000-250000-2-0.2,
scann,imageNet,140.19445705413818,140.19445705413818,0.0630800724029541,0.05209708213806152,0.05209708213806152,0.3695,0.496,2000-100-250000-2-0.2,
scann,imageNet,141.61045169830322,141.61045169830322,0.02588820457458496,0.01394796371459961,0.01394796371459961,0.35,0.45025,2000-10-250000-2-0.2,
scann,imageNet,140.06202912330627,140.06202912330627,0.09933686256408691,0.09116554260253906,0.09116554260253906,0.37,0.49775,2000-200-250000-2-0.2,
scann,imageNet,141.4419550895691,141.4419550895691,0.03319716453552246,0.02175164222717285,0.02175164222717285,0.363,0.483,2000-25-250000-2-0.2,
scann,imageNet,136.79471015930176,136.79471015930176,0.16891694068908691,0.16380834579467773,0.16380834579467773,0.36975,0.49825,2000-400-250000-2-0.2,
scann,imageNet,148.81182479858398,148.81182479858398,0.04002833366394043,0.03141927719116211,0.03141927719116211,0.36825,0.49575,2000-50-250000-2-0.2,
scann,imageNet,141.16194796562195,141.16194796562195,0.33687543869018555,0.2594919204711914,0.2594919204711914,0.36975,0.498,2000-600-250000-2-0.2,
scann,imageNet,150.15668320655823,150.15668320655823,0.05151557922363281,0.04241323471069336,0.04241323471069336,0.37,0.49625,2000-75-250000-2-0.2,
scann-annoy,deep,155.14777445793152,238.4450068473816,-,0.22623205184936523,0.3461923599243164,-,0.8115,2000-1000-250000-2-0.2,25
scann-annoy,deep,167.46843338012695,250.76566576957703,-,0.11996030807495117,0.15760302543640137,-,0.805,2000-100-250000-2-0.2,25
scann-annoy,deep,161.03953862190247,244.33677101135254,-,0.11996030807495117,0.13283348083496094,-,0.721,2000-10-250000-2-0.2,25
scann-annoy,deep,165.7524402141571,249.04967260360718,-,0.11996030807495117,0.18576884269714355,-,0.8095,2000-200-250000-2-0.2,25
scann-annoy,deep,167.8778293132782,251.17506170272827,-,0.11996030807495117,0.1399388313293457,-,0.77,2000-25-250000-2-0.2,25
scann-annoy,deep,161.5195996761322,244.81683206558228,-,0.11996030807495117,0.22382783889770508,-,0.811,2000-400-250000-2-0.2,25
scann-annoy,deep,162.0032844543457,245.30051684379578,-,0.11996030807495117,0.14574861526489258,-,0.787,2000-50-250000-2-0.2,25
scann-annoy,deep,162.38155603408813,245.6787884235382,-,0.16349363327026367,0.28345394134521484,-,0.8115,2000-600-250000-2-0.2,25
scann-annoy,deep,168.50011038780212,251.7973427772522,-,0.11996030807495117,0.1517326831817627,-,0.802,2000-75-250000-2-0.2,25
scann-annoy,deep,155.14777445793152,304.1208436489105,-,0.22623205184936523,0.39543771743774414,-,0.8545,2000-1000-250000-2-0.2,50
scann-annoy,deep,167.46843338012695,316.44150257110596,-,0.1692056655883789,0.2068483829498291,-,0.847,2000-100-250000-2-0.2,50
scann-annoy,deep,161.03953862190247,310.01260781288147,-,0.1692056655883789,0.18207883834838867,-,0.7765,2000-10-250000-2-0.2,50
scann-annoy,deep,165.7524402141571,314.7255094051361,-,0.1692056655883789,0.2350142002105713,-,0.8525,2000-200-250000-2-0.2,50
scann-annoy,deep,167.8778293132782,316.8508985042572,-,0.1692056655883789,0.18918418884277344,-,0.817,2000-25-250000-2-0.2,50
scann-annoy,deep,161.5195996761322,310.4926688671112,-,0.1692056655883789,0.2730731964111328,-,0.854,2000-400-250000-2-0.2,50
scann-annoy,deep,162.0032844543457,310.9763536453247,-,0.1692056655883789,0.1949939727783203,-,0.831,2000-50-250000-2-0.2,50
scann-annoy,deep,162.38155603408813,311.35462522506714,-,0.1692056655883789,0.3326992988586426,-,0.8545,2000-600-250000-2-0.2,50
scann-annoy,deep,168.50011038780212,317.4731795787811,-,0.1692056655883789,0.20097804069519043,-,0.844,2000-75-250000-2-0.2,50
scann-annoy,deep,169.98253417015076,325.1303086280823,-,0.22623205184936523,0.42801809310913086,-,0.895,2000-1000-250000-2-0.2,100
scann-annoy,deep,169.98253417015076,337.4509675502777,-,0.20178604125976562,0.23942875862121582,-,0.8885,2000-100-250000-2-0.2,100
scann-annoy,deep,169.98253417015076,331.0220727920532,-,0.20178604125976562,0.2146592140197754,-,0.827,2000-10-250000-2-0.2,100
scann-annoy,deep,169.98253417015076,335.73497438430786,-,0.20178604125976562,0.267594575881958,-,0.8935,2000-200-250000-2-0.2,100
scann-annoy,deep,169.98253417015076,337.86036348342896,-,0.20178604125976562,0.22176456451416016,-,0.8595,2000-25-250000-2-0.2,100
scann-annoy,deep,169.98253417015076,331.50213384628296,-,0.20178604125976562,0.30565357208251953,-,0.8945,2000-400-250000-2-0.2,100
scann-annoy,deep,169.98253417015076,331.98581862449646,-,0.20178604125976562,0.22757434844970703,-,0.8745,2000-50-250000-2-0.2,100
scann-annoy,deep,169.98253417015076,332.3640902042389,-,0.20178604125976562,0.3652796745300293,-,0.895,2000-600-250000-2-0.2,100
scann-annoy,deep,169.98253417015076,338.4826445579529,-,0.20178604125976562,0.23355841636657715,-,0.885,2000-75-250000-2-0.2,100
scann-annoy,deep,538.6883473396301,693.8361217975616,-,0.4147186279296875,0.6409506797790527,-,0.9315,2000-1000-250000-2-0.2,200
scann-annoy,deep,538.6883473396301,706.1567807197571,-,0.4147186279296875,0.4523613452911377,-,0.9265,2000-100-250000-2-0.2,200
scann-annoy,deep,538.6883473396301,699.7278859615326,-,0.4147186279296875,0.42759180068969727,-,0.8795,2000-10-250000-2-0.2,200
scann-annoy,deep,538.6883473396301,704.4407875537872,-,0.4147186279296875,0.4805271625518799,-,0.93,2000-200-250000-2-0.2,200
scann-annoy,deep,538.6883473396301,706.5661766529083,-,0.4147186279296875,0.43469715118408203,-,0.9005,2000-25-250000-2-0.2,200
scann-annoy,deep,538.6883473396301,700.2079470157623,-,0.4147186279296875,0.5185861587524414,-,0.931,2000-400-250000-2-0.2,200
scann-annoy,deep,538.6883473396301,700.6916317939758,-,0.4147186279296875,0.4405069351196289,-,0.913,2000-50-250000-2-0.2,200
scann-annoy,deep,538.6883473396301,701.0699033737183,-,0.4147186279296875,0.5782122611999512,-,0.9315,2000-600-250000-2-0.2,200
scann-annoy,deep,538.6883473396301,707.1884577274323,-,0.4147186279296875,0.446491003036499,-,0.923,2000-75-250000-2-0.2,200
scann-annoy,deep,1101.5299990177155,1256.677773475647,-,0.692859411239624,0.9190914630889893,-,0.9585,2000-1000-250000-2-0.2,400
scann-annoy,deep,1101.5299990177155,1268.9984323978424,-,0.692859411239624,0.7305021286010742,-,0.953,2000-100-250000-2-0.2,400
scann-annoy,deep,1101.5299990177155,1262.569537639618,-,0.692859411239624,0.7057325839996338,-,0.9225,2000-10-250000-2-0.2,400
scann-annoy,deep,1101.5299990177155,1267.2824392318726,-,0.692859411239624,0.7586679458618164,-,0.9565,2000-200-250000-2-0.2,400
scann-annoy,deep,1101.5299990177155,1269.4078283309937,-,0.692859411239624,0.7128379344940186,-,0.936,2000-25-250000-2-0.2,400
scann-annoy,deep,1101.5299990177155,1263.0495986938477,-,0.692859411239624,0.7967269420623779,-,0.958,2000-400-250000-2-0.2,400
scann-annoy,deep,1101.5299990177155,1263.5332834720612,-,0.692859411239624,0.7186477184295654,-,0.9465,2000-50-250000-2-0.2,400
scann-annoy,deep,1101.5299990177155,1263.9115550518036,-,0.692859411239624,0.8563530445098877,-,0.9585,2000-600-250000-2-0.2,400
scann-annoy,deep,1101.5299990177155,1270.0301094055176,-,0.692859411239624,0.7246317863464355,-,0.951,2000-75-250000-2-0.2,400
scann-annoy,glove,75.10725712776184,133.11074948310852,-,0.18159747123718262,0.27320122718811035,-,0.5815,2000-1000-250000-2-0.2,25
scann-annoy,glove,72.54348516464233,130.546977519989,-,0.09160375595092773,0.12380552291870117,-,0.5725,2000-100-250000-2-0.2,25
scann-annoy,glove,62.27892518043518,120.28241753578186,-,0.09160375595092773,0.10108089447021484,-,0.498,2000-10-250000-2-0.2,25
scann-annoy,glove,73.55118083953857,131.55467319488525,-,0.09160375595092773,0.14266157150268555,-,0.5775,2000-200-250000-2-0.2,25
scann-annoy,glove,62.23160004615784,120.23509240150452,-,0.09160375595092773,0.10714435577392578,-,0.537,2000-25-250000-2-0.2,25
scann-annoy,glove,77.08948588371277,135.09297823905945,-,0.09160375595092773,0.1794605255126953,-,0.5795,2000-400-250000-2-0.2,25
scann-annoy,glove,67.99000525474548,125.99349761009216,-,0.09160375595092773,0.11431884765625,-,0.5595,2000-50-250000-2-0.2,25
scann-annoy,glove,71.7261221408844,129.72961449623108,-,0.11121344566345215,0.20281720161437988,-,0.58,2000-600-250000-2-0.2,25
scann-annoy,glove,76.52783751487732,134.531329870224,-,0.09160375595092773,0.11998939514160156,-,0.568,2000-75-250000-2-0.2,25
scann-annoy,glove,113.9492495059967,189.05650663375854,-,0.18159747123718262,0.3278038501739502,-,0.6155,2000-1000-250000-2-0.2,50
scann-annoy,glove,113.9492495059967,186.49273467063904,-,0.14620637893676758,0.17840814590454102,-,0.6055,2000-100-250000-2-0.2,50
scann-annoy,glove,113.9492495059967,176.22817468643188,-,0.14620637893676758,0.1556835174560547,-,0.532,2000-10-250000-2-0.2,50
scann-annoy,glove,113.9492495059967,187.50043034553528,-,0.14620637893676758,0.1972641944885254,-,0.612,2000-200-250000-2-0.2,50
scann-annoy,glove,113.9492495059967,176.18084955215454,-,0.14620637893676758,0.16174697875976562,-,0.569,2000-25-250000-2-0.2,50
scann-annoy,glove,113.9492495059967,191.03873538970947,-,0.14620637893676758,0.23406314849853516,-,0.614,2000-400-250000-2-0.2,50
scann-annoy,glove,113.9492495059967,181.9392547607422,-,0.14620637893676758,0.16892147064208984,-,0.5915,2000-50-250000-2-0.2,50
scann-annoy,glove,113.9492495059967,185.6753716468811,-,0.14620637893676758,0.2574198246002197,-,0.6145,2000-600-250000-2-0.2,50
scann-annoy,glove,113.9492495059967,190.47708702087402,-,0.14620637893676758,0.1745920181274414,-,0.6005,2000-75-250000-2-0.2,50
scann-annoy,glove,217.1583104133606,292.26556754112244,-,0.27129340171813965,0.45289087295532227,-,0.664,2000-1000-250000-2-0.2,100
scann-annoy,glove,217.1583104133606,289.70179557800293,-,0.27129340171813965,0.3034951686859131,-,0.6535,2000-100-250000-2-0.2,100
scann-annoy,glove,217.1583104133606,279.4372355937958,-,0.27129340171813965,0.28077054023742676,-,0.5845,2000-10-250000-2-0.2,100
scann-annoy,glove,217.1583104133606,290.70949125289917,-,0.27129340171813965,0.32235121726989746,-,0.6605,2000-200-250000-2-0.2,100
scann-annoy,glove,217.1583104133606,279.38991045951843,-,0.27129340171813965,0.2868340015411377,-,0.617,2000-25-250000-2-0.2,100
scann-annoy,glove,217.1583104133606,294.24779629707336,-,0.27129340171813965,0.3591501712799072,-,0.6625,2000-400-250000-2-0.2,100
scann-annoy,glove,217.1583104133606,285.1483156681061,-,0.27129340171813965,0.2940084934234619,-,0.6395,2000-50-250000-2-0.2,100
scann-annoy,glove,217.1583104133606,288.884432554245,-,0.27129340171813965,0.3825068473815918,-,0.663,2000-600-250000-2-0.2,100
scann-annoy,glove,217.1583104133606,293.6861479282379,-,0.27129340171813965,0.2996790409088135,-,0.6485,2000-75-250000-2-0.2,100
scann-annoy,glove,426.5826919078827,501.68994903564453,-,0.43410515785217285,0.6157026290893555,-,0.7155,2000-1000-250000-2-0.2,200
scann-annoy,glove,426.5826919078827,499.126177072525,-,0.43410515785217285,0.4663069248199463,-,0.706,2000-100-250000-2-0.2,200
scann-annoy,glove,426.5826919078827,488.86161708831787,-,0.43410515785217285,0.44358229637145996,-,0.6435,2000-10-250000-2-0.2,200
scann-annoy,glove,426.5826919078827,500.13387274742126,-,0.43410515785217285,0.48516297340393066,-,0.713,2000-200-250000-2-0.2,200
scann-annoy,glove,426.5826919078827,488.8142919540405,-,0.43410515785217285,0.4496457576751709,-,0.674,2000-25-250000-2-0.2,200
scann-annoy,glove,426.5826919078827,503.67217779159546,-,0.43410515785217285,0.5219619274139404,-,0.7145,2000-400-250000-2-0.2,200
scann-annoy,glove,426.5826919078827,494.5726971626282,-,0.43410515785217285,0.4568202495574951,-,0.696,2000-50-250000-2-0.2,200
scann-annoy,glove,426.5826919078827,498.3088140487671,-,0.43410515785217285,0.545318603515625,-,0.7145,2000-600-250000-2-0.2,200
scann-annoy,glove,426.5826919078827,503.11052942276,-,0.43410515785217285,0.4624907970428467,-,0.7025,2000-75-250000-2-0.2,200
scann-annoy,glove,867.4442932605743,942.5515503883362,-,0.8266811370849609,1.0082786083221436,-,0.7685,2000-1000-250000-2-0.2,400
scann-annoy,glove,867.4442932605743,939.9877784252167,-,0.8266811370849609,0.8588829040527344,-,0.7585,2000-100-250000-2-0.2,400
scann-annoy,glove,867.4442932605743,929.7232184410095,-,0.8266811370849609,0.836158275604248,-,0.703,2000-10-250000-2-0.2,400
scann-annoy,glove,867.4442932605743,940.9954741001129,-,0.8266811370849609,0.8777389526367188,-,0.7655,2000-200-250000-2-0.2,400
scann-annoy,glove,867.4442932605743,929.6758933067322,-,0.8266811370849609,0.842221736907959,-,0.731,2000-25-250000-2-0.2,400
scann-annoy,glove,867.4442932605743,944.5337791442871,-,0.8266811370849609,0.9145379066467285,-,0.7675,2000-400-250000-2-0.2,400
scann-annoy,glove,867.4442932605743,935.4342985153198,-,0.8266811370849609,0.8493962287902832,-,0.7505,2000-50-250000-2-0.2,400
scann-annoy,glove,867.4442932605743,939.1704154014587,-,0.8266811370849609,0.9378945827484131,-,0.7675,2000-600-250000-2-0.2,400
scann-annoy,glove,867.4442932605743,943.9721307754517,-,0.8266811370849609,0.8550667762756348,-,0.7565,2000-75-250000-2-0.2,400
scann-annoy,sun,82.48022437095642,89.39294171333313,-,0.11864686012268066,0.23706436157226562,-,0.8395,2000-1000-250000-2-0.2,25
scann-annoy,sun,89.83612132072449,96.7488386631012,-,0.11864686012268066,0.148695707321167,-,0.8085,2000-100-250000-2-0.2,25
scann-annoy,sun,76.5147852897644,83.42750263214111,-,0.11864686012268066,0.1371307373046875,-,0.6195,2000-10-250000-2-0.2,25
scann-annoy,sun,85.86291170120239,92.7756290435791,-,0.11864686012268066,0.16144800186157227,-,0.8325,2000-200-250000-2-0.2,25
scann-annoy,sun,81.71897912025452,88.63169646263123,-,0.11864686012268066,0.13921308517456055,-,0.711,2000-25-250000-2-0.2,25
scann-annoy,sun,89.32081317901611,96.23353052139282,-,0.11864686012268066,0.1854705810546875,-,0.838,2000-400-250000-2-0.2,25
scann-annoy,sun,79.16007447242737,86.07279181480408,-,0.11864686012268066,0.14376115798950195,-,0.7725,2000-50-250000-2-0.2,25
scann-annoy,sun,83.24153256416321,90.15424990653992,-,0.11864686012268066,0.19977307319641113,-,0.839,2000-600-250000-2-0.2,25
scann-annoy,sun,85.07126951217651,91.98398685455322,-,0.11864686012268066,0.14416289329528809,-,0.7955,2000-75-250000-2-0.2,25
scann-annoy,sun,82.48022437095642,91.77827668190002,-,0.12851929664611816,0.24693679809570312,-,0.8705,2000-1000-250000-2-0.2,50
scann-annoy,sun,89.83612132072449,99.13417363166809,-,0.12851929664611816,0.1585681438446045,-,0.846,2000-100-250000-2-0.2,50
scann-annoy,sun,76.5147852897644,85.81283760070801,-,0.12851929664611816,0.147003173828125,-,0.694,2000-10-250000-2-0.2,50
scann-annoy,sun,85.86291170120239,95.160964012146,-,0.12851929664611816,0.17132043838500977,-,0.8645,2000-200-250000-2-0.2,50
scann-annoy,sun,81.71897912025452,91.01703143119812,-,0.12851929664611816,0.14908552169799805,-,0.7635,2000-25-250000-2-0.2,50
scann-annoy,sun,89.32081317901611,98.61886548995972,-,0.12851929664611816,0.195343017578125,-,0.8685,2000-400-250000-2-0.2,50
scann-annoy,sun,79.16007447242737,88.45812678337097,-,0.12851929664611816,0.15363359451293945,-,0.8135,2000-50-250000-2-0.2,50
scann-annoy,sun,83.24153256416321,92.53958487510681,-,0.12851929664611816,0.20964550971984863,-,0.87,2000-600-250000-2-0.2,50
scann-annoy,sun,85.07126951217651,94.36932182312012,-,0.12851929664611816,0.15403532981872559,-,0.835,2000-75-250000-2-0.2,50
scann-annoy,sun,82.48022437095642,95.89456534385681,-,0.19369840621948242,0.3121159076690674,-,0.9115,2000-1000-250000-2-0.2,100
scann-annoy,sun,89.83612132072449,103.25046229362488,-,0.19369840621948242,0.22374725341796875,-,0.889,2000-100-250000-2-0.2,100
scann-annoy,sun,76.5147852897644,89.9291262626648,-,0.19369840621948242,0.21218228340148926,-,0.788,2000-10-250000-2-0.2,100
scann-annoy,sun,85.86291170120239,99.27725267410278,-,0.19369840621948242,0.23649954795837402,-,0.9065,2000-200-250000-2-0.2,100
scann-annoy,sun,81.71897912025452,95.13332009315491,-,0.19369840621948242,0.2142646312713623,-,0.828,2000-25-250000-2-0.2,100
scann-annoy,sun,89.32081317901611,102.7351541519165,-,0.19369840621948242,0.26052212715148926,-,0.9105,2000-400-250000-2-0.2,100
scann-annoy,sun,79.16007447242737,92.57441544532776,-,0.19369840621948242,0.2188127040863037,-,0.8625,2000-50-250000-2-0.2,100
scann-annoy,sun,83.24153256416321,96.6558735370636,-,0.19369840621948242,0.2748246192932129,-,0.9115,2000-600-250000-2-0.2,100
scann-annoy,sun,85.07126951217651,98.4856104850769,-,0.19369840621948242,0.21921443939208984,-,0.881,2000-75-250000-2-0.2,100
scann-annoy,sun,82.48022437095642,143.36529731750488,-,0.7998368740081787,0.9182543754577637,-,0.945,2000-1000-250000-2-0.2,200
scann-annoy,sun,89.83612132072449,150.72119426727295,-,0.7998368740081787,0.829885721206665,-,0.926,2000-100-250000-2-0.2,200
scann-annoy,sun,76.5147852897644,137.39985823631287,-,0.7998368740081787,0.8183207511901855,-,0.871,2000-10-250000-2-0.2,200
scann-annoy,sun,85.86291170120239,146.74798464775085,-,0.7998368740081787,0.8426380157470703,-,0.94,2000-200-250000-2-0.2,200
scann-annoy,sun,81.71897912025452,142.60405206680298,-,0.7998368740081787,0.8204030990600586,-,0.8905,2000-25-250000-2-0.2,200
scann-annoy,sun,89.32081317901611,150.20588612556458,-,0.7998368740081787,0.8666605949401855,-,0.944,2000-400-250000-2-0.2,200
scann-annoy,sun,79.16007447242737,140.04514741897583,-,0.7998368740081787,0.824951171875,-,0.91,2000-50-250000-2-0.2,200
scann-annoy,sun,83.24153256416321,144.12660551071167,-,0.7998368740081787,0.8809630870819092,-,0.945,2000-600-250000-2-0.2,200
scann-annoy,sun,85.07126951217651,145.95634245872498,-,0.7998368740081787,0.8253529071807861,-,0.9205,2000-75-250000-2-0.2,200
scann-annoy,sun,121.599200963974,204.07942533493042,-,1.0769739151000977,1.1953914165496826,-,0.968,2000-1000-250000-2-0.2,400
scann-annoy,sun,121.599200963974,211.4353222846985,-,1.0769739151000977,1.107022762298584,-,0.957,2000-100-250000-2-0.2,400
scann-annoy,sun,121.599200963974,198.1139862537384,-,1.0769739151000977,1.0954577922821045,-,0.926,2000-10-250000-2-0.2,400
scann-annoy,sun,121.599200963974,207.4621126651764,-,1.0769739151000977,1.1197750568389893,-,0.9645,2000-200-250000-2-0.2,400
scann-annoy,sun,121.599200963974,203.31818008422852,-,1.0769739151000977,1.0975401401519775,-,0.9385,2000-25-250000-2-0.2,400
scann-annoy,sun,121.599200963974,210.9200141429901,-,1.0769739151000977,1.1437976360321045,-,0.967,2000-400-250000-2-0.2,400
scann-annoy,sun,121.599200963974,200.75927543640137,-,1.0769739151000977,1.102088212966919,-,0.949,2000-50-250000-2-0.2,400
scann-annoy,sun,121.599200963974,204.8407335281372,-,1.0769739151000977,1.1581001281738281,-,0.968,2000-600-250000-2-0.2,400
scann-annoy,sun,121.599200963974,206.6704704761505,-,1.0769739151000977,1.102489948272705,-,0.954,2000-75-250000-2-0.2,400
scann-annoy,audio,23.18119740486145,25.324477434158325,-,0.08357095718383789,0.13948822021484375,-,0.919,2000-1000-250000-2-0.2,25
scann-annoy,audio,21.757128953933716,23.90040898323059,-,0.05591726303100586,0.0735619068145752,-,0.9145,2000-100-250000-2-0.2,25
scann-annoy,audio,17.317301511764526,19.4605815410614,-,0.05591726303100586,0.062409400939941406,-,0.878,2000-10-250000-2-0.2,25
scann-annoy,audio,21.909144639968872,24.052424669265747,-,0.05591726303100586,0.0813760757446289,-,0.917,2000-200-250000-2-0.2,25
scann-annoy,audio,18.40098261833191,20.544262647628784,-,0.05591726303100586,0.06410098075866699,-,0.9025,2000-25-250000-2-0.2,25
scann-annoy,audio,23.144413709640503,25.287693738937378,-,0.05591726303100586,0.1048882007598877,-,0.918,2000-400-250000-2-0.2,25
scann-annoy,audio,18.32329821586609,20.466578245162964,-,0.05591726303100586,0.06625723838806152,-,0.914,2000-50-250000-2-0.2,25
scann-annoy,audio,23.237333059310913,25.380613088607788,-,0.05591726303100586,0.11019039154052734,-,0.919,2000-600-250000-2-0.2,25
scann-annoy,audio,21.83855938911438,23.981839418411255,-,0.05591726303100586,0.07101941108703613,-,0.914,2000-75-250000-2-0.2,25
scann-annoy,audio,23.18119740486145,26.358962774276733,-,0.08357095718383789,0.15987372398376465,-,0.9565,2000-1000-250000-2-0.2,50
scann-annoy,audio,21.757128953933716,24.934894323349,-,0.07630276679992676,0.0939474105834961,-,0.954,2000-100-250000-2-0.2,50
scann-annoy,audio,17.317301511764526,20.49506688117981,-,0.07630276679992676,0.0827949047088623,-,0.9315,2000-10-250000-2-0.2,50
scann-annoy,audio,21.909144639968872,25.086910009384155,-,0.07630276679992676,0.1017615795135498,-,0.955,2000-200-250000-2-0.2,50
scann-annoy,audio,18.40098261833191,21.578747987747192,-,0.07630276679992676,0.08448648452758789,-,0.9445,2000-25-250000-2-0.2,50
scann-annoy,audio,23.144413709640503,26.322179079055786,-,0.07630276679992676,0.1252737045288086,-,0.9555,2000-400-250000-2-0.2,50
scann-annoy,audio,18.32329821586609,21.501063585281372,-,0.07630276679992676,0.08664274215698242,-,0.952,2000-50-250000-2-0.2,50
scann-annoy,audio,23.237333059310913,26.415098428726196,-,0.07630276679992676,0.13057589530944824,-,0.9565,2000-600-250000-2-0.2,50
scann-annoy,audio,21.83855938911438,25.016324758529663,-,0.07630276679992676,0.09140491485595703,-,0.952,2000-75-250000-2-0.2,50
scann-annoy,audio,23.18119740486145,27.54373574256897,-,0.11952638626098633,0.20309734344482422,-,0.983,2000-1000-250000-2-0.2,100
scann-annoy,audio,21.757128953933716,26.119667291641235,-,0.11952638626098633,0.13717103004455566,-,0.9805,2000-100-250000-2-0.2,100
scann-annoy,audio,17.317301511764526,21.679839849472046,-,0.11952638626098633,0.12601852416992188,-,0.972,2000-10-250000-2-0.2,100
scann-annoy,audio,21.909144639968872,26.27168297767639,-,0.11952638626098633,0.14498519897460938,-,0.981,2000-200-250000-2-0.2,100
scann-annoy,audio,18.40098261833191,22.76352095603943,-,0.11952638626098633,0.12771010398864746,-,0.978,2000-25-250000-2-0.2,100
scann-annoy,audio,23.144413709640503,27.506952047348022,-,0.11952638626098633,0.16849732398986816,-,0.982,2000-400-250000-2-0.2,100
scann-annoy,audio,18.32329821586609,22.68583655357361,-,0.11952638626098633,0.129866361618042,-,0.979,2000-50-250000-2-0.2,100
scann-annoy,audio,23.237333059310913,27.599871397018433,-,0.11952638626098633,0.1737995147705078,-,0.983,2000-600-250000-2-0.2,100
scann-annoy,audio,21.83855938911438,26.2010977268219,-,0.11952638626098633,0.1346285343170166,-,0.979,2000-75-250000-2-0.2,100
scann-annoy,audio,23.18119740486145,35.137513160705566,-,0.28287625312805176,0.36644721031188965,-,0.993,2000-1000-250000-2-0.2,200
scann-annoy,audio,21.757128953933716,33.71344470977783,-,0.28287625312805176,0.3005208969116211,-,0.9935,2000-100-250000-2-0.2,200
scann-annoy,audio,17.317301511764526,29.273617267608643,-,0.28287625312805176,0.2893683910369873,-,0.9905,2000-10-250000-2-0.2,200
scann-annoy,audio,21.909144639968872,33.86546039581299,-,0.28287625312805176,0.3083350658416748,-,0.9925,2000-200-250000-2-0.2,200
scann-annoy,audio,18.40098261833191,30.357298374176025,-,0.28287625312805176,0.2910599708557129,-,0.9925,2000-25-250000-2-0.2,200
scann-annoy,audio,23.144413709640503,35.10072946548462,-,0.28287625312805176,0.3318471908569336,-,0.9925,2000-400-250000-2-0.2,200
scann-annoy,audio,18.32329821586609,30.279613971710205,-,0.28287625312805176,0.2932162284851074,-,0.993,2000-50-250000-2-0.2,200
scann-annoy,audio,23.237333059310913,35.19364881515503,-,0.28287625312805176,0.33714938163757324,-,0.993,2000-600-250000-2-0.2,200
scann-annoy,audio,21.83855938911438,33.794875144958496,-,0.28287625312805176,0.29797840118408203,-,0.9925,2000-75-250000-2-0.2,200
scann-annoy,audio,26.119373321533203,49.30057072639465,-,0.5796797275543213,0.6632506847381592,-,0.997,2000-1000-250000-2-0.2,400
scann-annoy,audio,26.119373321533203,47.87650227546692,-,0.5796797275543213,0.5973243713378906,-,0.9965,2000-100-250000-2-0.2,400
scann-annoy,audio,26.119373321533203,43.43667483329773,-,0.5796797275543213,0.5861718654632568,-,0.994,2000-10-250000-2-0.2,400
scann-annoy,audio,26.119373321533203,48.028517961502075,-,0.5796797275543213,0.6051385402679443,-,0.9965,2000-200-250000-2-0.2,400
scann-annoy,audio,26.119373321533203,44.52035593986511,-,0.5796797275543213,0.5878634452819824,-,0.9945,2000-25-250000-2-0.2,400
scann-annoy,audio,26.119373321533203,49.263787031173706,-,0.5796797275543213,0.6286506652832031,-,0.9965,2000-400-250000-2-0.2,400
scann-annoy,audio,26.119373321533203,44.44267153739929,-,0.5796797275543213,0.590019702911377,-,0.9955,2000-50-250000-2-0.2,400
scann-annoy,audio,26.119373321533203,49.356706380844116,-,0.5796797275543213,0.6339528560638428,-,0.997,2000-600-250000-2-0.2,400
scann-annoy,audio,26.119373321533203,47.95793271064758,-,0.5796797275543213,0.5947818756103516,-,0.9955,2000-75-250000-2-0.2,400
scann-annoy,millionSong,230.11425614356995,340.9400544166565,-,0.5975437164306641,0.7250494956970215,-,0.457,2000-1000-250000-2-0.2,25
scann-annoy,millionSong,245.79801440238953,356.6238126754761,-,0.12750577926635742,0.20264720916748047,-,0.4575,2000-100-250000-2-0.2,25
scann-annoy,millionSong,254.57603001594543,365.401828289032,-,0.12750577926635742,0.14545369148254395,-,0.4575,2000-10-250000-2-0.2,25
scann-annoy,millionSong,237.27852177619934,348.1043200492859,-,0.13799834251403809,0.2655041217803955,-,0.4575,2000-200-250000-2-0.2,25
scann-annoy,millionSong,241.50393962860107,352.3297379016876,-,0.12750577926635742,0.1518397331237793,-,0.4575,2000-25-250000-2-0.2,25
scann-annoy,millionSong,234.7111291885376,345.53692746162415,-,0.259580135345459,0.3870859146118164,-,0.4575,2000-400-250000-2-0.2,25
scann-annoy,millionSong,252.8824496269226,363.70824790000916,-,0.12750577926635742,0.17122840881347656,-,0.4575,2000-50-250000-2-0.2,25
scann-annoy,millionSong,235.692218542099,346.51801681518555,-,0.37222862243652344,0.49973440170288086,-,0.457,2000-600-250000-2-0.2,25
scann-annoy,millionSong,246.75626254081726,357.5820608139038,-,0.12750577926635742,0.19179296493530273,-,0.4575,2000-75-250000-2-0.2,25
scann-annoy,millionSong,230.11425614356995,410.9454097747803,-,0.5975437164306641,0.7532644271850586,-,0.571,2000-1000-250000-2-0.2,50
scann-annoy,millionSong,245.79801440238953,426.62916803359985,-,0.15572071075439453,0.23086214065551758,-,0.5715,2000-100-250000-2-0.2,50
scann-annoy,millionSong,254.57603001594543,435.40718364715576,-,0.15572071075439453,0.17366862297058105,-,0.572,2000-10-250000-2-0.2,50
scann-annoy,millionSong,237.27852177619934,418.10967540740967,-,0.15572071075439453,0.2937190532684326,-,0.5715,2000-200-250000-2-0.2,50
scann-annoy,millionSong,241.50393962860107,422.3350932598114,-,0.15572071075439453,0.1800546646118164,-,0.5715,2000-25-250000-2-0.2,50
scann-annoy,millionSong,234.7111291885376,415.5422828197479,-,0.259580135345459,0.4153008460998535,-,0.5715,2000-400-250000-2-0.2,50
scann-annoy,millionSong,252.8824496269226,433.71360325813293,-,0.15572071075439453,0.19944334030151367,-,0.5715,2000-50-250000-2-0.2,50
scann-annoy,millionSong,235.692218542099,416.5233721733093,-,0.37222862243652344,0.527949333190918,-,0.571,2000-600-250000-2-0.2,50
scann-annoy,millionSong,246.75626254081726,427.5874161720276,-,0.15572071075439453,0.22000789642333984,-,0.5715,2000-75-250000-2-0.2,50
scann-annoy,millionSong,348.90191531181335,579.0161714553833,-,0.5975437164306641,0.8715100288391113,-,0.7125,2000-1000-250000-2-0.2,100
scann-annoy,millionSong,348.90191531181335,594.6999297142029,-,0.27396631240844727,0.3491077423095703,-,0.713,2000-100-250000-2-0.2,100
scann-annoy,millionSong,348.90191531181335,603.4779453277588,-,0.27396631240844727,0.2919142246246338,-,0.713,2000-10-250000-2-0.2,100
scann-annoy,millionSong,348.90191531181335,586.1804370880127,-,0.27396631240844727,0.41196465492248535,-,0.713,2000-200-250000-2-0.2,100
scann-annoy,millionSong,348.90191531181335,590.4058549404144,-,0.27396631240844727,0.29830026626586914,-,0.713,2000-25-250000-2-0.2,100
scann-annoy,millionSong,348.90191531181335,583.613044500351,-,0.27396631240844727,0.5335464477539062,-,0.713,2000-400-250000-2-0.2,100
scann-annoy,millionSong,348.90191531181335,601.784364938736,-,0.27396631240844727,0.3176889419555664,-,0.713,2000-50-250000-2-0.2,100
scann-annoy,millionSong,348.90191531181335,584.5941338539124,-,0.37222862243652344,0.6461949348449707,-,0.7125,2000-600-250000-2-0.2,100
scann-annoy,millionSong,348.90191531181335,595.6581778526306,-,0.27396631240844727,0.3382534980773926,-,0.713,2000-75-250000-2-0.2,100
scann-annoy,millionSong,635.8386189937592,865.9528751373291,-,0.5975437164306641,0.9203269481658936,-,0.8275,2000-1000-250000-2-0.2,200
scann-annoy,millionSong,635.8386189937592,881.6366333961487,-,0.3227832317352295,0.39792466163635254,-,0.8275,2000-100-250000-2-0.2,200
scann-annoy,millionSong,635.8386189937592,890.4146490097046,-,0.3227832317352295,0.340731143951416,-,0.8275,2000-10-250000-2-0.2,200
scann-annoy,millionSong,635.8386189937592,873.1171407699585,-,0.3227832317352295,0.4607815742492676,-,0.8275,2000-200-250000-2-0.2,200
scann-annoy,millionSong,635.8386189937592,877.3425586223602,-,0.3227832317352295,0.34711718559265137,-,0.8275,2000-25-250000-2-0.2,200
scann-annoy,millionSong,635.8386189937592,870.5497481822968,-,0.3227832317352295,0.5823633670806885,-,0.8275,2000-400-250000-2-0.2,200
scann-annoy,millionSong,635.8386189937592,888.7210686206818,-,0.3227832317352295,0.36650586128234863,-,0.8275,2000-50-250000-2-0.2,200
scann-annoy,millionSong,635.8386189937592,871.5308375358582,-,0.37222862243652344,0.6950118541717529,-,0.8275,2000-600-250000-2-0.2,200
scann-annoy,millionSong,635.8386189937592,882.5948815345764,-,0.3227832317352295,0.3870704174041748,-,0.8275,2000-75-250000-2-0.2,200
scann-annoy,millionSong,1298.8376021385193,1528.9518582820892,-,0.5975437164306641,1.1466598510742188,-,0.915,2000-1000-250000-2-0.2,400
scann-annoy,millionSong,1298.8376021385193,1544.6356165409088,-,0.5491161346435547,0.6242575645446777,-,0.915,2000-100-250000-2-0.2,400
scann-annoy,millionSong,1298.8376021385193,1553.4136321544647,-,0.5491161346435547,0.5670640468597412,-,0.915,2000-10-250000-2-0.2,400
scann-annoy,millionSong,1298.8376021385193,1536.1161239147186,-,0.5491161346435547,0.6871144771575928,-,0.915,2000-200-250000-2-0.2,400
scann-annoy,millionSong,1298.8376021385193,1540.3415417671204,-,0.5491161346435547,0.5734500885009766,-,0.915,2000-25-250000-2-0.2,400
scann-annoy,millionSong,1298.8376021385193,1533.5487313270569,-,0.5491161346435547,0.8086962699890137,-,0.915,2000-400-250000-2-0.2,400
scann-annoy,millionSong,1298.8376021385193,1551.720051765442,-,0.5491161346435547,0.5928387641906738,-,0.915,2000-50-250000-2-0.2,400
scann-annoy,millionSong,1298.8376021385193,1534.5298206806183,-,0.5491161346435547,0.9213447570800781,-,0.915,2000-600-250000-2-0.2,400
scann-annoy,millionSong,1298.8376021385193,1545.5938646793365,-,0.5491161346435547,0.6134033203125,-,0.915,2000-75-250000-2-0.2,400
scann-annoy,nuswide,208.90607976913452,238.5775852203369,-,0.4176907539367676,0.5764589309692383,-,0.2295,2000-1000-250000-2-0.2,25
scann-annoy,nuswide,220.04131388664246,249.71281933784485,-,0.1587681770324707,0.2195572853088379,-,0.23,2000-100-250000-2-0.2,25
scann-annoy,nuswide,215.03609108924866,244.70759654045105,-,0.1587681770324707,0.17386746406555176,-,0.2325,2000-10-250000-2-0.2,25
scann-annoy,nuswide,216.26309609413147,245.93460154533386,-,0.1587681770324707,0.25487494468688965,-,0.2295,2000-200-250000-2-0.2,25
scann-annoy,nuswide,214.3729531764984,244.0444586277008,-,0.1587681770324707,0.1794285774230957,-,0.2305,2000-25-250000-2-0.2,25
scann-annoy,nuswide,205.9634439945221,235.6349494457245,-,0.16785407066345215,0.32662224769592285,-,0.2295,2000-400-250000-2-0.2,25
scann-annoy,nuswide,222.75017976760864,252.42168521881104,-,0.1587681770324707,0.19733500480651855,-,0.23,2000-50-250000-2-0.2,25
scann-annoy,nuswide,208.68758034706116,238.35908579826355,-,0.27211642265319824,0.43088459968566895,-,0.2295,2000-600-250000-2-0.2,25
scann-annoy,nuswide,210.96337294578552,240.63487839698792,-,0.1587681770324707,0.2019033432006836,-,0.2295,2000-75-250000-2-0.2,25
scann-annoy,nuswide,208.90607976913452,268.9352374076843,-,0.4176907539367676,0.6884369850158691,-,0.2905,2000-1000-250000-2-0.2,50
scann-annoy,nuswide,220.04131388664246,280.07047152519226,-,0.27074623107910156,0.33153533935546875,-,0.2905,2000-100-250000-2-0.2,50
scann-annoy,nuswide,215.03609108924866,275.06524872779846,-,0.27074623107910156,0.2858455181121826,-,0.2925,2000-10-250000-2-0.2,50
scann-annoy,nuswide,216.26309609413147,276.2922537326813,-,0.27074623107910156,0.3668529987335205,-,0.2905,2000-200-250000-2-0.2,50
scann-annoy,nuswide,214.3729531764984,274.4021108150482,-,0.27074623107910156,0.29140663146972656,-,0.2905,2000-25-250000-2-0.2,50
scann-annoy,nuswide,205.9634439945221,265.9926016330719,-,0.27074623107910156,0.4386003017425537,-,0.2905,2000-400-250000-2-0.2,50
scann-annoy,nuswide,222.75017976760864,282.77933740615845,-,0.27074623107910156,0.3093130588531494,-,0.291,2000-50-250000-2-0.2,50
scann-annoy,nuswide,208.68758034706116,268.71673798561096,-,0.27211642265319824,0.5428626537322998,-,0.2905,2000-600-250000-2-0.2,50
scann-annoy,nuswide,210.96337294578552,270.9925305843353,-,0.27074623107910156,0.31388139724731445,-,0.2905,2000-75-250000-2-0.2,50
scann-annoy,nuswide,208.90607976913452,330.20326018333435,-,0.4176907539367676,0.8109133243560791,-,0.3545,2000-1000-250000-2-0.2,100
scann-annoy,nuswide,220.04131388664246,341.3384943008423,-,0.3932225704193115,0.4540116786956787,-,0.3545,2000-100-250000-2-0.2,100
scann-annoy,nuswide,215.03609108924866,336.3332715034485,-,0.3932225704193115,0.4083218574523926,-,0.3565,2000-10-250000-2-0.2,100
scann-annoy,nuswide,216.26309609413147,337.5602765083313,-,0.3932225704193115,0.48932933807373047,-,0.3545,2000-200-250000-2-0.2,100
scann-annoy,nuswide,214.3729531764984,335.67013359069824,-,0.3932225704193115,0.4138829708099365,-,0.355,2000-25-250000-2-0.2,100
scann-annoy,nuswide,205.9634439945221,327.2606244087219,-,0.3932225704193115,0.5610766410827637,-,0.3545,2000-400-250000-2-0.2,100
scann-annoy,nuswide,222.75017976760864,344.0473601818085,-,0.3932225704193115,0.4317893981933594,-,0.355,2000-50-250000-2-0.2,100
scann-annoy,nuswide,208.68758034706116,329.984760761261,-,0.3932225704193115,0.6653389930725098,-,0.3545,2000-600-250000-2-0.2,100
scann-annoy,nuswide,210.96337294578552,332.26055335998535,-,0.3932225704193115,0.4363577365875244,-,0.3545,2000-75-250000-2-0.2,100
scann-annoy,nuswide,230.9794704914093,439.8855502605438,-,0.6318392753601074,1.049530029296875,-,0.423,2000-1000-250000-2-0.2,200
scann-annoy,nuswide,230.9794704914093,451.02078437805176,-,0.6318392753601074,0.6926283836364746,-,0.4235,2000-100-250000-2-0.2,200
scann-annoy,nuswide,230.9794704914093,446.01556158065796,-,0.6318392753601074,0.6469385623931885,-,0.4245,2000-10-250000-2-0.2,200
scann-annoy,nuswide,230.9794704914093,447.24256658554077,-,0.6318392753601074,0.7279460430145264,-,0.423,2000-200-250000-2-0.2,200
scann-annoy,nuswide,230.9794704914093,445.3524236679077,-,0.6318392753601074,0.6524996757507324,-,0.423,2000-25-250000-2-0.2,200
scann-annoy,nuswide,230.9794704914093,436.9429144859314,-,0.6318392753601074,0.7996933460235596,-,0.423,2000-400-250000-2-0.2,200
scann-annoy,nuswide,230.9794704914093,453.72965025901794,-,0.6318392753601074,0.6704061031341553,-,0.4235,2000-50-250000-2-0.2,200
scann-annoy,nuswide,230.9794704914093,439.66705083847046,-,0.6318392753601074,0.9039556980133057,-,0.423,2000-600-250000-2-0.2,200
scann-annoy,nuswide,230.9794704914093,441.9428434371948,-,0.6318392753601074,0.6749744415283203,-,0.423,2000-75-250000-2-0.2,200
scann-annoy,nuswide,402.9712378978729,611.8773176670074,-,0.9411466121673584,1.358837366104126,-,0.5,2000-1000-250000-2-0.2,400
scann-annoy,nuswide,402.9712378978729,623.0125517845154,-,0.9411466121673584,1.0019357204437256,-,0.5,2000-100-250000-2-0.2,400
scann-annoy,nuswide,402.9712378978729,618.0073289871216,-,0.9411466121673584,0.9562458992004395,-,0.4995,2000-10-250000-2-0.2,400
scann-annoy,nuswide,402.9712378978729,619.2343339920044,-,0.9411466121673584,1.0372533798217773,-,0.5,2000-200-250000-2-0.2,400
scann-annoy,nuswide,402.9712378978729,617.3441910743713,-,0.9411466121673584,0.9618070125579834,-,0.5,2000-25-250000-2-0.2,400
scann-annoy,nuswide,402.9712378978729,608.934681892395,-,0.9411466121673584,1.1090006828308105,-,0.5,2000-400-250000-2-0.2,400
scann-annoy,nuswide,402.9712378978729,625.7214176654816,-,0.9411466121673584,0.9797134399414062,-,0.5005,2000-50-250000-2-0.2,400
scann-annoy,nuswide,402.9712378978729,611.6588182449341,-,0.9411466121673584,1.2132630348205566,-,0.5,2000-600-250000-2-0.2,400
scann-annoy,nuswide,402.9712378978729,613.9346108436584,-,0.9411466121673584,0.9842817783355713,-,0.5,2000-75-250000-2-0.2,400
scann-annoy,MNIST,107.34893774986267,115.8222222328186,-,0.16314005851745605,0.2971940040588379,-,0.976,2000-1000-250000-2-0.2,25
scann-annoy,MNIST,111.44059896469116,119.9138834476471,-,0.13405394554138184,0.17096328735351562,-,0.973,2000-100-250000-2-0.2,25
scann-annoy,MNIST,104.55184245109558,113.02512693405151,-,0.13405394554138184,0.15732645988464355,-,0.898,2000-10-250000-2-0.2,25
scann-annoy,MNIST,115.95424795150757,124.4275324344635,-,0.13405394554138184,0.18857622146606445,-,0.975,2000-200-250000-2-0.2,25
scann-annoy,MNIST,113.89367461204529,122.36695909500122,-,0.13405394554138184,0.16300487518310547,-,0.9485,2000-25-250000-2-0.2,25
scann-annoy,MNIST,110.83136343955994,119.30464792251587,-,0.13405394554138184,0.21494460105895996,-,0.9755,2000-400-250000-2-0.2,25
scann-annoy,MNIST,112.30043339729309,120.77371788024902,-,0.13405394554138184,0.1686544418334961,-,0.9655,2000-50-250000-2-0.2,25
scann-annoy,MNIST,113.9024772644043,122.37576174736023,-,0.13405394554138184,0.24569416046142578,-,0.976,2000-600-250000-2-0.2,25
scann-annoy,MNIST,117.81664419174194,126.28992867469788,-,0.13405394554138184,0.1679372787475586,-,0.972,2000-75-250000-2-0.2,25
scann-annoy,MNIST,107.34893774986267,118.08591365814209,-,0.18010377883911133,0.3432438373565674,-,0.9875,2000-1000-250000-2-0.2,50
scann-annoy,MNIST,111.44059896469116,122.17757487297058,-,0.18010377883911133,0.21701312065124512,-,0.9855,2000-100-250000-2-0.2,50
scann-annoy,MNIST,104.55184245109558,115.288818359375,-,0.18010377883911133,0.20337629318237305,-,0.9385,2000-10-250000-2-0.2,50
scann-annoy,MNIST,115.95424795150757,126.69122385978699,-,0.18010377883911133,0.23462605476379395,-,0.9875,2000-200-250000-2-0.2,50
scann-annoy,MNIST,113.89367461204529,124.6306505203247,-,0.18010377883911133,0.20905470848083496,-,0.97,2000-25-250000-2-0.2,50
scann-annoy,MNIST,110.83136343955994,121.56833934783936,-,0.18010377883911133,0.26099443435668945,-,0.987,2000-400-250000-2-0.2,50
scann-annoy,MNIST,112.30043339729309,123.03740930557251,-,0.18010377883911133,0.21470427513122559,-,0.9805,2000-50-250000-2-0.2,50
scann-annoy,MNIST,113.9024772644043,124.63945317268372,-,0.18010377883911133,0.2917439937591553,-,0.9875,2000-600-250000-2-0.2,50
scann-annoy,MNIST,117.81664419174194,128.55362010002136,-,0.18010377883911133,0.21398711204528809,-,0.985,2000-75-250000-2-0.2,50
scann-annoy,MNIST,107.34893774986267,138.5759518146515,-,0.48883819580078125,0.6519782543182373,-,0.992,2000-1000-250000-2-0.2,100
scann-annoy,MNIST,111.44059896469116,142.66761302947998,-,0.48883819580078125,0.525747537612915,-,0.9905,2000-100-250000-2-0.2,100
scann-annoy,MNIST,104.55184245109558,135.7788565158844,-,0.48883819580078125,0.512110710144043,-,0.9725,2000-10-250000-2-0.2,100
scann-annoy,MNIST,115.95424795150757,147.1812620162964,-,0.48883819580078125,0.5433604717254639,-,0.9915,2000-200-250000-2-0.2,100
scann-annoy,MNIST,113.89367461204529,145.1206886768341,-,0.48883819580078125,0.5177891254425049,-,0.9825,2000-25-250000-2-0.2,100
scann-annoy,MNIST,110.83136343955994,142.05837750434875,-,0.48883819580078125,0.5697288513183594,-,0.9915,2000-400-250000-2-0.2,100
scann-annoy,MNIST,112.30043339729309,143.5274474620819,-,0.48883819580078125,0.5234386920928955,-,0.9875,2000-50-250000-2-0.2,100
scann-annoy,MNIST,113.9024772644043,145.12949132919312,-,0.48883819580078125,0.6004784107208252,-,0.992,2000-600-250000-2-0.2,100
scann-annoy,MNIST,117.81664419174194,149.04365825653076,-,0.48883819580078125,0.522721529006958,-,0.9905,2000-75-250000-2-0.2,100
scann-annoy,MNIST,107.34893774986267,174.442485332489,-,0.6917145252227783,0.8548545837402344,-,0.9975,2000-1000-250000-2-0.2,200
scann-annoy,MNIST,111.44059896469116,178.5341465473175,-,0.6917145252227783,0.7286238670349121,-,0.997,2000-100-250000-2-0.2,200
scann-annoy,MNIST,104.55184245109558,171.64539003372192,-,0.6917145252227783,0.71498703956604,-,0.9905,2000-10-250000-2-0.2,200
scann-annoy,MNIST,115.95424795150757,183.0477955341339,-,0.6917145252227783,0.7462368011474609,-,0.9975,2000-200-250000-2-0.2,200
scann-annoy,MNIST,113.89367461204529,180.98722219467163,-,0.6917145252227783,0.720665454864502,-,0.994,2000-25-250000-2-0.2,200
scann-annoy,MNIST,110.83136343955994,177.92491102218628,-,0.6917145252227783,0.7726051807403564,-,0.9975,2000-400-250000-2-0.2,200
scann-annoy,MNIST,112.30043339729309,179.39398097991943,-,0.6917145252227783,0.7263150215148926,-,0.996,2000-50-250000-2-0.2,200
scann-annoy,MNIST,113.9024772644043,180.99602484703064,-,0.6917145252227783,0.8033547401428223,-,0.9975,2000-600-250000-2-0.2,200
scann-annoy,MNIST,117.81664419174194,184.9101917743683,-,0.6917145252227783,0.7255978584289551,-,0.9965,2000-75-250000-2-0.2,200
scann-annoy,MNIST,117.6745958328247,225.02353358268738,-,1.067793846130371,1.2309339046478271,-,0.9995,2000-1000-250000-2-0.2,400
scann-annoy,MNIST,117.6745958328247,229.11519479751587,-,1.067793846130371,1.1047031879425049,-,0.9995,2000-100-250000-2-0.2,400
scann-annoy,MNIST,117.6745958328247,222.2264382839203,-,1.067793846130371,1.0910663604736328,-,0.996,2000-10-250000-2-0.2,400
scann-annoy,MNIST,117.6745958328247,233.62884378433228,-,1.067793846130371,1.1223161220550537,-,0.9995,2000-200-250000-2-0.2,400
scann-annoy,MNIST,117.6745958328247,231.56827044487,-,1.067793846130371,1.0967447757720947,-,0.9975,2000-25-250000-2-0.2,400
scann-annoy,MNIST,117.6745958328247,228.50595927238464,-,1.067793846130371,1.1486845016479492,-,0.9995,2000-400-250000-2-0.2,400
scann-annoy,MNIST,117.6745958328247,229.9750292301178,-,1.067793846130371,1.1023943424224854,-,0.998,2000-50-250000-2-0.2,400
scann-annoy,MNIST,117.6745958328247,231.577073097229,-,1.067793846130371,1.179434061050415,-,0.9995,2000-600-250000-2-0.2,400
scann-annoy,MNIST,117.81664419174194,235.49124002456665,-,1.067793846130371,1.1016771793365479,-,0.999,2000-75-250000-2-0.2,400
scann-annoy,notre,67.8698217868805,80.87561893463135,-,0.10556936264038086,0.18024468421936035,-,0.8695,2000-1000-250000-2-0.2,25
scann-annoy,notre,68.80387353897095,81.8096706867218,-,0.07467532157897949,0.09714698791503906,-,0.8665,2000-100-250000-2-0.2,25
scann-annoy,notre,54.456233501434326,67.46203064918518,-,0.07467532157897949,0.08281946182250977,-,0.8035,2000-10-250000-2-0.2,25
scann-annoy,notre,66.23983120918274,79.2456283569336,-,0.07467532157897949,0.10660386085510254,-,0.8675,2000-200-250000-2-0.2,25
scann-annoy,notre,59.44273805618286,72.44853520393372,-,0.07467532157897949,0.08562779426574707,-,0.844,2000-25-250000-2-0.2,25
scann-annoy,notre,69.85750913619995,82.8633062839508,-,0.07467532157897949,0.1306445598602295,-,0.8695,2000-400-250000-2-0.2,25
scann-annoy,notre,57.79294300079346,70.79874014854431,-,0.07467532157897949,0.08992195129394531,-,0.859,2000-50-250000-2-0.2,25
scann-annoy,notre,64.63663983345032,77.64243698120117,-,0.07467532157897949,0.14246177673339844,-,0.869,2000-600-250000-2-0.2,25
scann-annoy,notre,64.89640688896179,77.90220403671265,-,0.07467532157897949,0.09360980987548828,-,0.8615,2000-75-250000-2-0.2,25
scann-annoy,notre,67.8698217868805,87.09381771087646,-,0.10556936264038086,0.1949625015258789,-,0.9025,2000-1000-250000-2-0.2,50
scann-annoy,notre,68.80387353897095,88.02786946296692,-,0.08939313888549805,0.11186480522155762,-,0.8995,2000-100-250000-2-0.2,50
scann-annoy,notre,54.456233501434326,73.6802294254303,-,0.08939313888549805,0.09753727912902832,-,0.8515,2000-10-250000-2-0.2,50
scann-annoy,notre,66.23983120918274,85.46382713317871,-,0.08939313888549805,0.1213216781616211,-,0.9005,2000-200-250000-2-0.2,50
scann-annoy,notre,59.44273805618286,78.66673398017883,-,0.08939313888549805,0.10034561157226562,-,0.8835,2000-25-250000-2-0.2,50
scann-annoy,notre,69.85750913619995,89.08150506019592,-,0.08939313888549805,0.14536237716674805,-,0.9025,2000-400-250000-2-0.2,50
scann-annoy,notre,57.79294300079346,77.01693892478943,-,0.08939313888549805,0.10463976860046387,-,0.8955,2000-50-250000-2-0.2,50
scann-annoy,notre,64.63663983345032,83.86063575744629,-,0.08939313888549805,0.157179594039917,-,0.902,2000-600-250000-2-0.2,50
scann-annoy,notre,64.89640688896179,84.12040281295776,-,0.08939313888549805,0.10832762718200684,-,0.8985,2000-75-250000-2-0.2,50
scann-annoy,notre,67.8698217868805,132.69053292274475,-,0.24339771270751953,0.3489670753479004,-,0.9405,2000-1000-250000-2-0.2,100
scann-annoy,notre,68.80387353897095,133.6245846748352,-,0.24339771270751953,0.2658693790435791,-,0.9375,2000-100-250000-2-0.2,100
scann-annoy,notre,64.82071113586426,119.27694463729858,-,0.24339771270751953,0.2515418529510498,-,0.906,2000-10-250000-2-0.2,100
scann-annoy,notre,66.23983120918274,131.060542345047,-,0.24339771270751953,0.2753262519836426,-,0.9385,2000-200-250000-2-0.2,100
scann-annoy,notre,64.82071113586426,124.26344919204712,-,0.24339771270751953,0.2543501853942871,-,0.9255,2000-25-250000-2-0.2,100
scann-annoy,notre,69.85750913619995,134.6782202720642,-,0.24339771270751953,0.29936695098876953,-,0.941,2000-400-250000-2-0.2,100
scann-annoy,notre,64.82071113586426,122.61365413665771,-,0.24339771270751953,0.25864434242248535,-,0.9355,2000-50-250000-2-0.2,100
scann-annoy,notre,64.82071113586426,129.45735096931458,-,0.24339771270751953,0.3111841678619385,-,0.94,2000-600-250000-2-0.2,100
scann-annoy,notre,64.89640688896179,129.71711802482605,-,0.24339771270751953,0.2623322010040283,-,0.9375,2000-75-250000-2-0.2,100
scann-annoy,notre,141.17657709121704,209.04639887809753,-,0.4247100353240967,0.5302793979644775,-,0.964,2000-1000-250000-2-0.2,200
scann-annoy,notre,141.17657709121704,209.980450630188,-,0.4247100353240967,0.44718170166015625,-,0.9605,2000-100-250000-2-0.2,200
scann-annoy,notre,141.17657709121704,195.63281059265137,-,0.4247100353240967,0.43285417556762695,-,0.94,2000-10-250000-2-0.2,200
scann-annoy,notre,141.17657709121704,207.41640830039978,-,0.4247100353240967,0.4566385746002197,-,0.9615,2000-200-250000-2-0.2,200
scann-annoy,notre,141.17657709121704,200.6193151473999,-,0.4247100353240967,0.43566250801086426,-,0.9505,2000-25-250000-2-0.2,200
scann-annoy,notre,141.17657709121704,211.034086227417,-,0.4247100353240967,0.4806792736053467,-,0.964,2000-400-250000-2-0.2,200
scann-annoy,notre,141.17657709121704,198.9695200920105,-,0.4247100353240967,0.4399566650390625,-,0.958,2000-50-250000-2-0.2,200
scann-annoy,notre,141.17657709121704,205.81321692466736,-,0.4247100353240967,0.4924964904785156,-,0.9635,2000-600-250000-2-0.2,200
scann-annoy,notre,141.17657709121704,206.07298398017883,-,0.4247100353240967,0.44364452362060547,-,0.96,2000-75-250000-2-0.2,200
scann-annoy,notre,234.79500436782837,302.66482615470886,-,0.715224027633667,0.8207933902740479,-,0.9805,2000-1000-250000-2-0.2,400
scann-annoy,notre,234.79500436782837,303.5988779067993,-,0.715224027633667,0.7376956939697266,-,0.979,2000-100-250000-2-0.2,400
scann-annoy,notre,234.79500436782837,289.2512378692627,-,0.715224027633667,0.7233681678771973,-,0.968,2000-10-250000-2-0.2,400
scann-annoy,notre,234.79500436782837,301.0348355770111,-,0.715224027633667,0.74715256690979,-,0.979,2000-200-250000-2-0.2,400
scann-annoy,notre,234.79500436782837,294.23774242401123,-,0.715224027633667,0.7261765003204346,-,0.9735,2000-25-250000-2-0.2,400
scann-annoy,notre,234.79500436782837,304.6525135040283,-,0.715224027633667,0.771193265914917,-,0.9805,2000-400-250000-2-0.2,400
scann-annoy,notre,234.79500436782837,292.5879473686218,-,0.715224027633667,0.7304706573486328,-,0.978,2000-50-250000-2-0.2,400
scann-annoy,notre,234.79500436782837,299.4316442012787,-,0.715224027633667,0.7830104827880859,-,0.9805,2000-600-250000-2-0.2,400
scann-annoy,notre,234.79500436782837,299.69141125679016,-,0.715224027633667,0.7341585159301758,-,0.979,2000-75-250000-2-0.2,400
scann-annoy,sift,87.11192226409912,147.71735668182373,-,18.898146629333496,29.239437341690063,-,0.8771,2000-1000-250000-2-0.2,25
scann-annoy,sift,84.52374291419983,145.12917733192444,-,18.898146629333496,20.876524209976196,-,0.8744,2000-100-250000-2-0.2,25
scann-annoy,sift,74.3733446598053,134.9787790775299,-,18.898146629333496,19.620487451553345,-,0.8201,2000-10-250000-2-0.2,25
scann-annoy,sift,88.77271819114685,149.37815260887146,-,18.898146629333496,22.041693449020386,-,0.877,2000-200-250000-2-0.2,25
scann-annoy,sift,78.84300708770752,139.44844150543213,-,18.898146629333496,19.98273539543152,-,0.8516,2000-25-250000-2-0.2,25
scann-annoy,sift,85.34631586074829,145.9517502784729,-,18.898146629333496,23.500170707702637,-,0.8771,2000-400-250000-2-0.2,25
scann-annoy,sift,78.66797924041748,139.2734136581421,-,18.898146629333496,20.400089740753174,-,0.8663,2000-50-250000-2-0.2,25
scann-annoy,sift,87.12767457962036,147.73310899734497,-,18.898146629333496,26.362932443618774,-,0.8771,2000-600-250000-2-0.2,25
scann-annoy,sift,89.46545338630676,150.07088780403137,-,18.898146629333496,20.61719059944153,-,0.8718,2000-75-250000-2-0.2,25
scann-annoy,sift,87.11192226409912,153.86839818954468,-,20.0733962059021,30.414686918258667,-,0.9254,2000-1000-250000-2-0.2,50
scann-annoy,sift,84.52374291419983,151.28021883964539,-,20.0733962059021,22.0517737865448,-,0.9224,2000-100-250000-2-0.2,50
scann-annoy,sift,74.3733446598053,141.12982058525085,-,20.0733962059021,20.79573702812195,-,0.884,2000-10-250000-2-0.2,50
scann-annoy,sift,88.77271819114685,155.5291941165924,-,20.0733962059021,23.21694302558899,-,0.9252,2000-200-250000-2-0.2,50
scann-annoy,sift,78.84300708770752,145.59948301315308,-,20.0733962059021,21.157984972000122,-,0.9048,2000-25-250000-2-0.2,50
scann-annoy,sift,85.34631586074829,152.10279178619385,-,20.0733962059021,24.67542028427124,-,0.9254,2000-400-250000-2-0.2,50
scann-annoy,sift,78.66797924041748,145.42445516586304,-,20.0733962059021,21.575339317321777,-,0.9156,2000-50-250000-2-0.2,50
scann-annoy,sift,87.12767457962036,153.88415050506592,-,20.0733962059021,27.538182020187378,-,0.9254,2000-600-250000-2-0.2,50
scann-annoy,sift,89.46545338630676,156.22192931175232,-,20.0733962059021,21.792440176010132,-,0.9199,2000-75-250000-2-0.2,50
scann-annoy,sift,202.02834558486938,289.1402678489685,-,35.54121375083923,45.8825044631958,-,0.9559,2000-1000-250000-2-0.2,100
scann-annoy,sift,202.02834558486938,286.5520884990692,-,35.54121375083923,37.519591331481934,-,0.9535,2000-100-250000-2-0.2,100
scann-annoy,sift,202.02834558486938,276.4016902446747,-,35.54121375083923,36.26355457305908,-,0.9292,2000-10-250000-2-0.2,100
scann-annoy,sift,202.02834558486938,290.80106377601624,-,35.54121375083923,38.68476057052612,-,0.9557,2000-200-250000-2-0.2,100
scann-annoy,sift,202.02834558486938,280.8713526725769,-,35.54121375083923,36.625802516937256,-,0.9414,2000-25-250000-2-0.2,100
scann-annoy,sift,202.02834558486938,287.3746614456177,-,35.54121375083923,40.143237829208374,-,0.9559,2000-400-250000-2-0.2,100
scann-annoy,sift,202.02834558486938,280.69632482528687,-,35.54121375083923,37.04315686225891,-,0.9485,2000-50-250000-2-0.2,100
scann-annoy,sift,202.02834558486938,289.15602016448975,-,35.54121375083923,43.00599956512451,-,0.9559,2000-600-250000-2-0.2,100
scann-annoy,sift,202.02834558486938,291.49379897117615,-,35.54121375083923,37.260257720947266,-,0.9521,2000-75-250000-2-0.2,100
scann-annoy,sift,442.3393840789795,529.4513063430786,-,64.24642848968506,74.58771920204163,-,0.977,2000-1000-250000-2-0.2,200
scann-annoy,sift,442.3393840789795,526.8631269931793,-,64.24642848968506,66.22480607032776,-,0.9751,2000-100-250000-2-0.2,200
scann-annoy,sift,442.3393840789795,516.7127287387848,-,64.24642848968506,64.96876931190491,-,0.9615,2000-10-250000-2-0.2,200
scann-annoy,sift,442.3393840789795,531.1121022701263,-,64.24642848968506,67.38997530937195,-,0.9768,2000-200-250000-2-0.2,200
scann-annoy,sift,442.3393840789795,521.182391166687,-,64.24642848968506,65.33101725578308,-,0.9669,2000-25-250000-2-0.2,200
scann-annoy,sift,442.3393840789795,527.6856999397278,-,64.24642848968506,68.8484525680542,-,0.977,2000-400-250000-2-0.2,200
scann-annoy,sift,442.3393840789795,521.007363319397,-,64.24642848968506,65.74837160110474,-,0.9712,2000-50-250000-2-0.2,200
scann-annoy,sift,442.3393840789795,529.4670586585999,-,64.24642848968506,71.71121430397034,-,0.977,2000-600-250000-2-0.2,200
scann-annoy,sift,442.3393840789795,531.8048374652863,-,64.24642848968506,65.96547245979309,-,0.9739,2000-75-250000-2-0.2,200
scann-annoy,sift,678.8316662311554,765.9435884952545,-,87.44671082496643,97.788001537323,-,0.9885,2000-1000-250000-2-0.2,400
scann-annoy,sift,678.8316662311554,763.3554091453552,-,87.44671082496643,89.42508840560913,-,0.9877,2000-100-250000-2-0.2,400
scann-annoy,sift,678.8316662311554,753.2050108909607,-,87.44671082496643,88.16905164718628,-,0.9807,2000-10-250000-2-0.2,400
scann-annoy,sift,678.8316662311554,767.6043844223022,-,87.44671082496643,90.59025764465332,-,0.9885,2000-200-250000-2-0.2,400
scann-annoy,sift,678.8316662311554,757.6746733188629,-,87.44671082496643,88.53129959106445,-,0.9831,2000-25-250000-2-0.2,400
scann-annoy,sift,678.8316662311554,764.1779820919037,-,87.44671082496643,92.04873490333557,-,0.9885,2000-400-250000-2-0.2,400
scann-annoy,sift,678.8316662311554,757.4996454715729,-,87.44671082496643,88.94865393638611,-,0.9856,2000-50-250000-2-0.2,400
scann-annoy,sift,678.8316662311554,765.9593408107758,-,87.44671082496643,94.91149663925171,-,0.9885,2000-600-250000-2-0.2,400
scann-annoy,sift,678.8316662311554,768.2971196174622,-,87.44671082496643,89.16575479507446,-,0.9868,2000-75-250000-2-0.2,400
scann-annoy,imageNet,151.95080828666687,293.6679663658142,-,0.37398576736450195,0.4537379741668701,-,0.5455,2000-1000-250000-2-0.2,25
scann-annoy,imageNet,151.95080828666687,292.14526534080505,-,0.07975220680236816,0.1318492889404297,-,0.545,2000-100-250000-2-0.2,25
scann-annoy,imageNet,151.95080828666687,293.5612599849701,-,0.07975220680236816,0.09370017051696777,-,0.5235,2000-10-250000-2-0.2,25
scann-annoy,imageNet,151.95080828666687,292.01283740997314,-,0.09116554260253906,0.17091774940490723,-,0.546,2000-200-250000-2-0.2,25
scann-annoy,imageNet,151.95080828666687,293.39276337623596,-,0.07975220680236816,0.10150384902954102,-,0.539,2000-25-250000-2-0.2,25
scann-annoy,imageNet,151.95080828666687,288.7455184459686,-,0.16380834579467773,0.2435605525970459,-,0.5455,2000-400-250000-2-0.2,25
scann-annoy,imageNet,151.95080828666687,300.76263308525085,-,0.07975220680236816,0.11117148399353027,-,0.545,2000-50-250000-2-0.2,25
scann-annoy,imageNet,151.95080828666687,293.1127562522888,-,0.2594919204711914,0.33924412727355957,-,0.5455,2000-600-250000-2-0.2,25
scann-annoy,imageNet,151.95080828666687,302.1074914932251,-,0.07975220680236816,0.12216544151306152,-,0.5455,2000-75-250000-2-0.2,25
scann-annoy,imageNet,188.38766264915466,330.104820728302,-,0.37398576736450195,0.48291802406311035,-,0.6165,2000-1000-250000-2-0.2,50
scann-annoy,imageNet,188.38766264915466,328.58211970329285,-,0.1089322566986084,0.16102933883666992,-,0.616,2000-100-250000-2-0.2,50
scann-annoy,imageNet,188.38766264915466,329.9981143474579,-,0.1089322566986084,0.12288022041320801,-,0.598,2000-10-250000-2-0.2,50
scann-annoy,imageNet,188.38766264915466,328.44969177246094,-,0.1089322566986084,0.20009779930114746,-,0.617,2000-200-250000-2-0.2,50
scann-annoy,imageNet,188.38766264915466,329.82961773872375,-,0.1089322566986084,0.13068389892578125,-,0.6105,2000-25-250000-2-0.2,50
scann-annoy,imageNet,188.38766264915466,325.1823728084564,-,0.16380834579467773,0.27274060249328613,-,0.6165,2000-400-250000-2-0.2,50
scann-annoy,imageNet,188.38766264915466,337.19948744773865,-,0.1089322566986084,0.1403515338897705,-,0.615,2000-50-250000-2-0.2,50
scann-annoy,imageNet,188.38766264915466,329.5496106147766,-,0.2594919204711914,0.3684241771697998,-,0.6165,2000-600-250000-2-0.2,50
scann-annoy,imageNet,188.38766264915466,338.5443458557129,-,0.1089322566986084,0.15134549140930176,-,0.6165,2000-75-250000-2-0.2,50
scann-annoy,imageNet,537.2498960494995,678.9670541286469,-,0.37398576736450195,0.5989627838134766,-,0.719,2000-1000-250000-2-0.2,100
scann-annoy,imageNet,537.2498960494995,677.4443531036377,-,0.2249770164489746,0.27707409858703613,-,0.7185,2000-100-250000-2-0.2,100
scann-annoy,imageNet,537.2498960494995,678.8603477478027,-,0.2249770164489746,0.23892498016357422,-,0.6965,2000-10-250000-2-0.2,100
scann-annoy,imageNet,537.2498960494995,677.3119251728058,-,0.2249770164489746,0.31614255905151367,-,0.7195,2000-200-250000-2-0.2,100
scann-annoy,imageNet,537.2498960494995,678.6918511390686,-,0.2249770164489746,0.24672865867614746,-,0.7135,2000-25-250000-2-0.2,100
scann-annoy,imageNet,537.2498960494995,674.0446062088013,-,0.2249770164489746,0.38878536224365234,-,0.719,2000-400-250000-2-0.2,100
scann-annoy,imageNet,537.2498960494995,686.0617208480835,-,0.2249770164489746,0.2563962936401367,-,0.717,2000-50-250000-2-0.2,100
scann-annoy,imageNet,537.2498960494995,678.4118440151215,-,0.2594919204711914,0.484468936920166,-,0.719,2000-600-250000-2-0.2,100
scann-annoy,imageNet,537.2498960494995,687.4065792560577,-,0.2249770164489746,0.26739025115966797,-,0.719,2000-75-250000-2-0.2,100
scann-annoy,imageNet,1087.761706829071,1229.4788649082184,-,0.40362000465393066,0.7776057720184326,-,0.8165,2000-1000-250000-2-0.2,200
scann-annoy,imageNet,1087.761706829071,1227.9561638832092,-,0.40362000465393066,0.4557170867919922,-,0.8155,2000-100-250000-2-0.2,200
scann-annoy,imageNet,1087.761706829071,1229.3721585273743,-,0.40362000465393066,0.4175679683685303,-,0.796,2000-10-250000-2-0.2,200
scann-annoy,imageNet,1087.761706829071,1227.8237359523773,-,0.40362000465393066,0.4947855472564697,-,0.8165,2000-200-250000-2-0.2,200
scann-annoy,imageNet,1087.761706829071,1229.2036619186401,-,0.40362000465393066,0.4253716468811035,-,0.8085,2000-25-250000-2-0.2,200
scann-annoy,imageNet,1087.761706829071,1224.5564169883728,-,0.40362000465393066,0.5674283504486084,-,0.8165,2000-400-250000-2-0.2,200
scann-annoy,imageNet,1087.761706829071,1236.573531627655,-,0.40362000465393066,0.4350392818450928,-,0.8145,2000-50-250000-2-0.2,200
scann-annoy,imageNet,1087.761706829071,1228.923654794693,-,0.40362000465393066,0.6631119251251221,-,0.8165,2000-600-250000-2-0.2,200
scann-annoy,imageNet,1087.761706829071,1237.9183900356293,-,0.40362000465393066,0.446033239364624,-,0.816,2000-75-250000-2-0.2,200
scann-annoy,imageNet,1501.7665362358093,1643.4836943149567,-,0.4913139343261719,0.8652997016906738,-,0.8865,2000-1000-250000-2-0.2,400
scann-annoy,imageNet,1501.7665362358093,1641.9609932899475,-,0.4913139343261719,0.5434110164642334,-,0.8855,2000-100-250000-2-0.2,400
scann-annoy,imageNet,1501.7665362358093,1643.3769879341125,-,0.4913139343261719,0.5052618980407715,-,0.8725,2000-10-250000-2-0.2,400
scann-annoy,imageNet,1501.7665362358093,1641.8285653591156,-,0.4913139343261719,0.5824794769287109,-,0.8865,2000-200-250000-2-0.2,400
scann-annoy,imageNet,1501.7665362358093,1643.2084913253784,-,0.4913139343261719,0.5130655765533447,-,0.879,2000-25-250000-2-0.2,400
scann-annoy,imageNet,1501.7665362358093,1638.561246395111,-,0.4913139343261719,0.6551222801208496,-,0.8865,2000-400-250000-2-0.2,400
scann-annoy,imageNet,1501.7665362358093,1650.5783610343933,-,0.4913139343261719,0.522733211517334,-,0.884,2000-50-250000-2-0.2,400
scann-annoy,imageNet,1501.7665362358093,1642.9284842014313,-,0.4913139343261719,0.7508058547973633,-,0.8865,2000-600-250000-2-0.2,400
scann-annoy,imageNet,1501.7665362358093,1651.9232194423676,-,0.4913139343261719,0.5337271690368652,-,0.885,2000-75-250000-2-0.2,400
