Dataset,c,k,m,M_NUM,PIVOT,Q_NUM,R_MIN,RATIO,RECALL,AVG_TIME,COST,DATE
audio,1.5,50,15,16,5,100,3,1.00127,0.6854,3.75451,0.0461695,834.651,
audio,1.5,50,15,16,5,100,3,1.00134,0.9428,6.94488,0.0490513,834.866,
audio,1.5,50,15,16,5,100,3,1.00212,0.9366,3.57825,0.0471317,834.875,
audio,1.5,50,15,16,5,100,3,1.0025,0.9292,3.59336,0.0454159,834.889,
audio,1.5,50,15,16,5,100,3,1.00093,0.949,3.52016,0.0411941,834.892,
audio,1.5,50,15,16,5,100,3,1.00166,0.9396,3.55029,0.0421168,834.901,
audio,1.5,50,15,16,5,100,1,1.00064,0.9536,3.94277,0.064464,834.923,
audio,1.5,50,15,16,5,100,1,1.00065,0.9528,3.93232,0.0522436,834.924,
imageNet,1.5,50,15,16,5,100,1,1.19376,0.3458,185.528,0.0349611,834.925,
notre,1.5,50,15,16,5,100,1,1.00117,0.6878,52.7454,0.0776273,834.925,
ukbench,1.5,50,15,16,5,100,1,1.00069,0.6914,178.813,0.0703925,834.926,
cifar,1.5,50,15,16,5,100,1,1.00332,0.6482,8.80136,0.169447,834.926,
enron,1.5,50,15,16,5,100,1,1.0008,0.6864,25.0672,0.127629,834.926,
millionSong,1.5,50,15,16,5,100,1,1.00101,0.6862,111.122,0.0318121,834.927,
MNIST,1.5,50,15,16,5,100,1,1.00126,0.6924,10.8843,0.0925435,834.928,
nuswide,1.5,50,15,16,5,100,1,1.00232,0.5976,71.8622,0.174205,834.928,
sun,1.5,50,15,16,5,100,1,1.0016,0.6746,14.9073,0.152891,834.928,
deep,1.5,50,15,16,5,100,1,1.00107,0.6734,222.095,0.112593,834.929,
trevi,1.5,50,15,16,5,100,1,1.00091,0.6932,39.5239,0.0832136,834.93,
audio,1.75,50,15,16,5,100,1,1.00245,0.9306,3.00719,0.0309017,834.93,
imageNet,1.75,50,15,16,5,100,1,1.19751,0.5936,167.251,0.0299371,834.93,
notre,1.75,50,15,16,5,100,1,1.00102,0.9452,49.11,0.069037,834.931,
ukbench,1.75,50,15,16,5,100,1,1.002,0.931,161.984,0.0494446,834.931,
cifar,1.75,50,15,16,5,100,1,1.0028,0.9182,7.3444,0.131242,834.931,
enron,1.75,50,15,16,5,100,1,1.00168,0.9302,17.0175,0.0876244,834.931,
millionSong,1.75,50,15,16,5,100,1,1.0016,0.9324,121.989,0.0346244,834.931,
MNIST,1.75,50,15,16,5,100,1,1.00256,0.9276,9.18965,0.071111,834.931,
nuswide,1.75,50,15,16,5,100,1,1.00248,0.853,68.6589,0.160186,834.931,
sun,1.75,50,15,16,5,100,1,1.00243,0.911,12.1613,0.114497,834.931,
deep,1.75,50,15,16,5,100,1,1.00243,0.9082,201.551,0.0878475,834.932,
trevi,1.75,50,15,16,5,100,1,1.00133,0.9376,48.5844,0.098577,834.932,
audio,1.25,50,15,16,5,100,1,1.00027,0.9588,5.02634,0.0969768,834.932,
imageNet,1.25,50,15,16,5,100,1,1.17051,0.608,188.005,0.0493954,834.932,
notre,1.25,50,15,16,5,100,1,1.00075,0.9518,56.9495,0.0944543,834.932,
ukbench,1.25,50,15,16,5,100,1,1.00024,0.9612,183.532,0.0737499,834.932,
cifar,1.25,50,15,16,5,100,1,1.00093,0.9506,8.5056,0.161426,834.932,
enron,1.25,50,15,16,5,100,1,1.00033,0.9574,22.6502,0.119928,834.932,
millionSong,1.25,50,15,16,5,100,1,1.00065,0.9546,127.364,0.0394964,834.933,
MNIST,1.25,50,15,16,5,100,1,1.00084,0.9538,11.2751,0.101374,834.933,
nuswide,1.25,50,15,16,5,100,1,1.00202,0.87,72.6228,0.178521,834.933,
sun,1.25,50,15,16,5,100,1,1.00078,0.9416,19.8869,0.162562,834.933,
deep,1.25,50,15,16,5,100,1,1.00094,0.94,223.604,0.120121,834.933,
trevi,1.25,50,15,16,5,100,1,1.00043,0.9536,59.1087,0.126319,834.933,
audio,1.5,50,15,16,5,100,20,1.0023,0.9276,3.55586,0.0426293,834.933,
imageNet,1.5,50,15,16,5,100,20,2.08893,0.2776,0.05677,1.13529e-05,834.934,
notre,1.5,50,15,16,5,100,20,1.00052,0.9554,51.567,0.0666603,834.934,
ukbench,1.5,50,15,16,5,100,20,1.00067,0.9534,193.308,0.0760584,834.934,
cifar,1.5,50,15,16,5,100,20,1.60538,0.2798,0.02898,0.0005272,834.934,
enron,1.5,50,15,16,5,100,20,1.00146,0.926,29.5973,0.130014,834.934,
millionSong,1.5,50,15,16,5,100,20,1.00067,0.9512,117.728,0.0418259,834.934,
MNIST,1.5,50,15,16,5,100,20,1.03521,0.8874,11.3292,0.101935,834.934,
nuswide,1.5,50,15,16,5,100,20,1.00242,0.849,69.3871,0.168773,834.934,
sun,1.5,50,15,16,5,100,20,1.00157,0.9316,12.6449,0.13208,834.934,
deep,1.5,50,15,16,5,100,20,1.77993,0.2778,0.05323,2.581e-05,834.934,
trevi,1.5,50,15,16,5,100,20,1.00032,0.9564,55.1275,0.117537,834.935,
audio,1.5,50,15,16,5,100,300,1.0016,0.9386,3.46969,0.0417948,834.935,
imageNet,1.5,50,15,16,5,100,300,2.23561,0.2776,0.06072,1.11991e-05,834.935,
notre,1.5,50,15,16,5,100,300,1.00045,0.9542,54.4426,0.0818616,834.935,
ukbench,1.5,50,15,16,5,100,300,1.03144,0.9106,176.26,0.0658258,834.935,
cifar,1.5,50,15,16,5,100,300,1.62163,0.2786,0.02486,0.000485,834.935,
enron,1.5,50,15,16,5,100,300,1.05595,0.801,17.0893,0.0937799,834.935,
millionSong,1.5,50,15,16,5,100,300,2.32855,0.2822,0.19636,8.6186e-05,834.935,
MNIST,1.5,50,15,16,5,100,300,2.11878,0.2792,0.03374,0.000368116,834.935,
nuswide,1.5,50,15,16,5,100,300,1.36324,0.2884,1.04957,0.00421939,834.935,
sun,1.5,50,15,16,5,100,300,1.00091,0.9436,14.8208,0.154221,834.935,
deep,1.5,50,15,16,5,100,300,1.76835,0.2782,0.04631,2.611e-05,834.935,
trevi,1.5,50,15,16,5,100,300,1.00045,0.953,58.2793,0.126452,834.936,
audio,1.5,50,15,16,5,100,1,1.00095,0.942,3.6588,0.0420005,834.936,
imageNet,1.5,50,15,16,5,100,1,1.20208,0.5788,159.02,0.0329965,834.936,
notre,1.5,50,15,16,5,100,1,1.00263,0.9236,47.5241,0.046767,834.936,
ukbench,1.5,50,15,16,5,100,1,1.00131,0.9394,178.283,0.0490029,834.936,
cifar,1.5,50,15,16,5,100,1,1.00398,0.8984,5.61989,0.0831682,834.936,
enron,1.5,50,15,16,5,100,1,1.00157,0.9328,15.1929,0.0707037,834.936,
millionSong,1.5,50,15,16,5,100,1,1.00079,0.9476,204.804,0.0373773,834.937,
MNIST,1.5,50,15,16,5,100,1,1.00286,0.9268,8.17904,0.0557748,834.937,
nuswide,1.5,50,15,16,5,100,1,1.00468,0.771,54.4016,0.0895398,834.937,
sun,1.5,50,15,16,5,100,1,1.00294,0.8928,10.6066,0.0909185,834.937,
deep,1.5,50,15,16,5,100,1,1.00172,0.917,192.062,0.067866,834.937,
trevi,1.5,50,15,16,5,100,1,1.0013,0.9378,34.9291,0.0703889,834.937,
audio,1.5,50,15,16,5,100,1,1.00089,0.9494,3.95398,0.0634079,834.937,
imageNet,1.5,50,15,16,5,100,1,1.1997,0.6008,217.953,0.055844,834.938,
notre,1.5,50,15,16,5,100,1,1.00124,0.9442,52.0942,0.0681599,834.938,
ukbench,1.5,50,15,16,5,100,1,1.00091,0.9474,179.835,0.0649513,834.938,
cifar,1.5,50,15,16,5,100,1,1.00108,0.948,9.901,0.198518,834.938,
enron,1.5,50,15,16,5,100,1,1.00067,0.9504,25.1151,0.132245,834.938,
millionSong,1.5,50,15,16,5,100,1,1.0011,0.9398,134.154,0.0442437,834.938,
MNIST,1.5,50,15,16,5,100,1,1.00165,0.9434,10.8791,0.0915175,834.938,
nuswide,1.5,50,15,16,5,100,1,1.00087,0.92,110.266,0.332522,834.939,
sun,1.5,50,15,16,5,100,1,1.0015,0.9288,15.3524,0.128599,834.939,
deep,1.5,50,15,16,5,100,1,1.00121,0.9354,237.671,0.143559,834.939,
trevi,1.5,50,15,16,5,100,1,1.00054,0.9542,53.7698,0.106488,834.939,
uqv,1.5,50,15,16,5,100,1,2.33558,0.0006,0.10752,0.00010764,848.884,
astro1m,1.5,50,15,16,5,100,1,1.00711,0.6328,281.941,0.194886,848.885,
seismic1m,1.5,50,15,16,5,100,1,1.0057,0.6456,254.801,0.160644,848.885,
sald1m,1.5,50,15,16,5,100,1,1.00131,0.9456,145.874,0.0562615,848.886,
bigann,1.5,50,15,16,5,100,1,1.00112,0.965,182.266,0.0819027,848.886,
space1V,1.5,50,15,16,5,100,1,1.00428,0.835,242.976,0.195976,848.887,
text-to-image,1.5,50,15,16,5,100,1,1.00048,0.9774,238.627,0.126916,848.887,
gist,1.5,50,15,16,5,100,1,1.00082,0.9536,317.227,0.131012,848.898,
sift,1.5,50,15,16,5,100,1,1.00093,0.9714,156.526,0.0675151,848.92,
uqv,1.75,50,15,16,5,100,1,2.04153,0.0016,0.09556,0.00010725,848.92,
astro1m,1.75,50,15,16,5,100,1,1.00739,0.6406,282.281,0.195118,848.921,
seismic1m,1.75,50,15,16,5,100,1,1.00489,0.723,240.167,0.153825,848.921,
sald1m,1.75,50,15,16,5,100,1,1.00155,0.9518,146.06,0.0609425,848.921,
bigann,1.75,50,15,16,5,100,1,1.00053,0.9806,192.227,0.0847656,848.921,
space1V,1.75,50,15,16,5,100,1,1.00461,0.8244,238.722,0.174726,848.922,
text-to-image,1.75,50,15,16,5,100,1,1.00172,0.9532,228.143,0.119999,848.922,
gist,1.75,50,15,16,5,100,1,1.00145,0.93,321.386,0.132205,848.923,
uqv,1.25,50,15,16,5,100,1,1.84825,0.0014,0.1049,0.00010613,848.923,
astro1m,1.25,50,15,16,5,100,1,1.00722,0.6498,289.239,0.200003,848.923,
seismic1m,1.25,50,15,16,5,100,1,1.00766,0.603,265.188,0.164909,848.924,
sald1m,1.25,50,15,16,5,100,1,1.00023,0.9856,157.542,0.0759269,848.924,
bigann,1.25,50,15,16,5,100,1,1.00017,0.9926,200.573,0.10685,848.924,
space1V,1.25,50,15,16,5,100,1,1.00502,0.807,250.863,0.197404,848.924,
text-to-image,1.25,50,15,16,5,100,1,1.00128,0.969,248.5,0.152974,848.925,
gist,1.25,50,15,16,5,100,1,1.00083,0.949,367.038,0.159454,848.925,
uqv,1.5,50,15,16,5,100,20,2.00725,0.0006,0.13032,0.00010494,848.926,
astro1m,1.5,50,15,16,5,100,20,1.00745,0.6318,285.23,0.198701,848.926,
seismic1m,1.5,50,15,16,5,100,20,1.0046,0.7266,251.965,0.159514,848.926,
sald1m,1.5,50,15,16,5,100,20,1.01548,0.9178,142.523,0.0609822,848.926,
bigann,1.5,50,15,16,5,100,20,1.00088,0.9688,280.301,0.0864382,848.927,
space1V,1.5,50,15,16,5,100,20,1.00447,0.8202,246.155,0.191338,848.927,
text-to-image,1.5,50,15,16,5,100,20,1.74223,0.0004,0.13372,0.00010623,848.927,
gist,1.5,50,15,16,5,100,20,1.47769,0.0002,0.19234,0.00010705,848.927,
uqv,1.5,50,15,16,5,100,300,1.86383,0.0018,0.10687,0.0001068,848.928,
astro1m,1.5,50,15,16,5,100,300,1.21869,0.0004,0.11031,0.00010691,848.928,
seismic1m,1.5,50,15,16,5,100,300,1.31732,0.0008,0.10661,0.00010352,848.928,
sald1m,1.5,50,15,16,5,100,300,2.12523,0.0008,0.13877,0.00010557,848.928,
bigann,1.5,50,15,16,5,100,300,1.00061,0.9766,176.886,0.0653428,848.928,
space1V,1.5,50,15,16,5,100,300,1.00611,0.7838,253.397,0.196067,848.928,
text-to-image,1.5,50,15,16,5,100,300,1.69925,0.0006,0.16284,0.00010568,848.929,
gist,1.5,50,15,16,5,100,300,1.46428,0.0002,0.2171,0.00010597,848.929,
uqv,1.5,50,15,16,5,100,1,2.18497,0.003,0.11399,0.00010649,848.929,
astro1m,1.5,50,15,16,5,100,1,1.01388,0.4468,224.902,0.0995119,848.929,
seismic1m,1.5,50,15,16,5,100,1,1.00986,0.5402,208.481,0.0849551,848.929,
sald1m,1.5,50,15,16,5,100,1,1.0013,0.948,173.34,0.0686613,848.93,
bigann,1.5,50,15,16,5,100,1,1.00127,0.9596,182.213,0.0654317,848.93,
space1V,1.5,50,15,16,5,100,1,1.01175,0.65,203.438,0.0996276,848.93,
text-to-image,1.5,50,15,16,5,100,1,1.00297,0.924,211.404,0.0809628,848.931,
gist,1.5,50,15,16,5,100,1,1.0029,0.8574,274.243,0.092274,848.931,
uqv,1.5,50,15,16,5,100,1,1.90776,0.0016,0.10573,0.0001062,848.931,
astro1m,1.5,50,15,16,5,100,1,1.00299,0.8056,405.455,0.386366,848.932,
seismic1m,1.5,50,15,16,5,100,1,1.00294,0.7842,342.348,0.300085,848.932,
sald1m,1.5,50,15,16,5,100,1,1.00047,0.9802,165.275,0.0813132,848.932,
bigann,1.5,50,15,16,5,100,1,1.00077,0.9704,182.279,0.0768366,848.933,
space1V,1.5,50,15,16,5,100,1,1.00116,0.942,400.234,0.343155,848.933,
text-to-image,1.5,50,15,16,5,100,1,1.00053,0.9792,258.711,0.18024,848.934,
gist,1.5,50,15,16,5,100,1,1.00049,0.9696,433.035,0.216382,848.934,
sun,1.5,50,15,16,5,100,1,1.0006,0.948,14.596,0.147088,854.86,
glove,1.5,50,15,16,5,100,1,1.00181,0.6716,272.418,0.154908,854.861,
trevi,1.5,50,15,16,5,100,1,1.00113,0.9366,42.8204,0.0903149,854.861,
lastfm,1.5,50,15,16,5,100,1,1.00014,0.9296,20.698,0.184202,854.861,
movielens,1.5,50,15,16,5,100,1,1.00032,0.989,1.00403,0.171035,854.861,
netflix,1.5,50,15,16,5,100,1,1.00026,0.9898,1.41998,0.0892375,854.861,
nytimes,1.5,50,15,16,5,100,1,1.00034,0.3006,72.7314,0.194693,854.861,
tiny5m,1.5,50,15,16,5,100,1,1.00071,0.955,1903.88,0.142941,854.887,
word2vec,1.5,50,15,16,5,100,1,1.0049,0.7912,273.728,0.185103,854.891,
yahoomusic,1.5,50,15,16,5,100,1,1.00154,0.9462,17.9248,0.0833184,854.891,
sun,1.25,50,15,16,5,100,1,1.00221,0.918,16.9696,0.183877,854.891,
trevi,1.25,50,15,16,5,100,1,1.00046,0.9532,42.2753,0.0894659,854.891,
tiny5m,1.25,50,15,16,5,100,1,1.00061,0.9602,1425.3,0.156538,854.893,
word2vec,1.25,50,15,16,5,100,1,1.00365,0.8242,283.211,0.192139,854.894,
yahoomusic,1.25,50,15,16,5,100,1,1.00031,0.9876,27.5127,0.141672,854.894,
sun,1.5,50,15,16,5,100,20,1.00074,0.9474,17.8073,0.144141,854.894,
trevi,1.5,50,15,16,5,100,20,1.00129,0.9354,50.277,0.105171,854.894,
tiny5m,1.5,50,15,16,5,100,20,1.57871,0,0.2484,2.1202e-05,854.894,
word2vec,1.5,50,15,16,5,100,20,1.08807,0.351,96.2231,0.0981955,854.895,
yahoomusic,1.5,50,15,16,5,100,20,1.58993,0.0056,0.10149,0.000777045,854.895,
sun,1.5,50,15,16,5,100,300,1.0012,0.9344,13.7599,0.133428,854.895,
trevi,1.5,50,15,16,5,100,300,1.00135,0.9346,44.0454,0.093313,854.895,
tiny5m,1.5,50,15,16,5,100,300,1.54271,0,0.28068,2.128e-05,854.895,
word2vec,1.5,50,15,16,5,100,300,1.44828,0.0002,0.11903,0.0001056,854.896,
yahoomusic,1.5,50,15,16,5,100,300,1.59985,0.0064,0.11835,0.000775143,854.896,
sun,1.5,50,15,16,5,100,1,1.00495,0.857,11.0587,0.090494,854.896,
trevi,1.5,50,15,16,5,100,1,1.00231,0.919,30.2298,0.0577859,854.896,
tiny5m,1.5,50,15,16,5,100,1,1.00195,0.8906,1105.74,0.08264,854.898,
word2vec,1.5,50,15,16,5,100,1,1.00753,0.6776,217.118,0.0951135,854.898,
yahoomusic,1.5,50,15,16,5,100,1,1.00166,0.9426,14.0733,0.0528508,854.898,
sun,1.5,50,15,16,5,100,1,1.00225,0.9184,14.2996,0.145965,854.898,
trevi,1.5,50,15,16,5,100,1,1.00097,0.9424,50.672,0.110517,854.898,
tiny5m,1.5,50,15,16,5,100,1,1.00059,0.9636,1630.69,0.203692,854.901,
word2vec,1.5,50,15,16,5,100,1,1.00172,0.9008,382.269,0.349025,854.901,
yahoomusic,1.5,50,15,16,5,100,1,1.0002,0.9922,23.3554,0.154316,854.901,
sun,1.75,50,15,16,5,100,1,1.00236,0.9126,11.924,0.110788,854.938,
trevi,1.75,50,15,16,5,100,1,1.00221,0.9232,36.5067,0.0737934,854.938,
tiny5m,1.75,50,15,16,5,100,1,1.00092,0.9492,1207.86,0.12088,854.94,
word2vec,1.75,50,15,16,5,100,1,1.00546,0.772,268.257,0.172703,854.941,
yahoomusic,1.75,50,15,16,5,100,1,1.00093,0.969,19.0599,0.0973941,854.941,
glove,1.5,50,15,16,5,100,1,1.00134,0.9248,277.919,0.160739,854.941,
lastfm,1.5,50,15,16,5,100,1,1.00035,0.8638,20.296,0.182107,854.941,
movielens,1.5,50,15,16,5,100,1,1.00123,0.9728,0.89347,0.141773,854.941,
netflix,1.5,50,15,16,5,100,1,1.00044,0.9858,1.50764,0.103241,854.941,
nytimes,1.5,50,15,16,5,100,1,1.00496,0.3318,73.3368,0.191785,854.941,
glove,1.75,50,15,16,5,100,1,1.0019,0.923,268.583,0.143644,854.942,
lastfm,1.75,50,15,16,5,100,1,1.00028,0.9022,21.2457,0.184611,854.942,
movielens,1.75,50,15,16,5,100,1,1.00028,0.9914,0.88471,0.131867,854.942,
netflix,1.75,50,15,16,5,100,1,1.00122,0.9694,1.23944,0.0716753,854.942,
nytimes,1.75,50,15,16,5,100,1,1.00247,0.3462,72.5409,0.184692,854.942,
glove,1.25,50,15,16,5,100,1,1.00102,0.9382,284.435,0.171736,854.942,
lastfm,1.25,50,15,16,5,100,1,1.0001,0.9418,21.61,0.196029,854.942,
movielens,1.25,50,15,16,5,100,1,1.00009,0.9966,1.02722,0.172619,854.942,
netflix,1.25,50,15,16,5,100,1,1.00014,0.9936,1.58023,0.111337,854.942,
nytimes,1.25,50,15,16,5,100,1,1.00051,0.2936,73.0629,0.192312,854.942,
glove,1.5,50,15,16,5,100,20,1.00579,0.8928,253.488,0.159215,854.943,
lastfm,1.5,50,15,16,5,100,20,1.00091,0.861,19.0339,0.178095,854.943,
movielens,1.5,50,15,16,5,100,20,1.51572,0.0292,0.04088,0.0099054,854.943,
netflix,1.5,50,15,16,5,100,20,1.70087,0.0246,0.06726,0.00601069,854.943,
nytimes,1.5,50,15,16,5,100,20,1.45324,0.0006,0.09279,0.00036531,854.943,
glove,1.5,50,15,16,5,100,300,1.55748,0.2774,0.0368,2.22807e-05,854.943,
lastfm,1.5,50,15,16,5,100,300,1.00446,0.0418,0.08738,0.000360381,854.943,
movielens,1.5,50,15,16,5,100,300,1.57993,0.0188,0.03874,0.00997003,854.943,
netflix,1.5,50,15,16,5,100,300,1.72548,0.0206,0.06077,0.00597862,854.943,
nytimes,1.5,50,15,16,5,100,300,1.45598,0.0006,0.07818,0.000365345,854.943,
glove,1.5,50,15,16,5,100,1,1.00274,0.878,240.276,0.0896041,854.943,
lastfm,1.5,50,15,16,5,100,1,1.00005,0.9516,9.62407,0.0988611,854.943,
movielens,1.5,50,15,16,5,100,1,1.00172,0.9538,0.72845,0.0889651,854.943,
netflix,1.5,50,15,16,5,100,1,1.00097,0.976,1.32676,0.083897,854.943,
nytimes,1.5,50,15,16,5,100,1,1.01417,0.2874,56.4644,0.0997143,854.943,
glove,1.5,50,15,16,5,100,1,1.00121,0.9344,302.666,0.20821,854.944,
lastfm,1.5,50,15,16,5,100,1,1.00018,0.937,43.2457,0.376295,854.944,
movielens,1.5,50,15,16,5,100,1,1.00011,0.9964,1.0951,0.207263,854.944,
netflix,1.5,50,15,16,5,100,1,1.00012,0.9962,1.52957,0.106029,854.944,
nytimes,1.5,50,15,16,5,100,1,1.00015,0.299,95.2559,0.331936,854.944,
imageNet,1.25,50,15,16,5,100,1,1.1936,0.6064,234.492,0.0686667,856.897,
imageNet,1.25,50,20,16,5,100,1,1.1188,0.7414,269.183,0.045216,856.897,
imageNet,1.25,50,30,16,5,100,1,1.103,0.822,339.079,0.0273597,856.898,
imageNet,1.25,50,30,16,5,100,300,2.14506,0.2776,0.10328,1.09726e-05,856.898,
nytimes,1.75,50,15,16,5,100,1,1.00205,0.2212,71.1865,0.181143,856.931,
nytimes,1.75,50,20,16,5,100,1,1.00225,0.2116,77.0073,0.224039,856.931,
nytimes,1.75,50,30,16,5,100,1,1.00223,0.231,67.1657,0.121861,856.931,
nytimes,1.75,50,30,16,5,100,1,1.00226,0.2286,74.9881,0.171735,856.931,
seismic1m,1.5,50,30,16,5,100,1,1.00049,0.9212,336.952,0.280495,856.934,
crawl,1.5,50,15,16,5,100,1,1.00152,0.9342,546.36,0.162087,868.986,
crawl,1.5,50,15,16,5,100,1,1.00403,0.855,497.567,0.0910136,868.991,
crawl,1.5,50,15,16,5,100,20,1.00597,0.8756,537.681,0.167362,869.002,
crawl,1.5,50,15,16,5,100,300,1.49412,0,0.14347,5.33268e-05,869.002,
crawl,1.75,50,15,16,5,100,1,1.00261,0.91,540.57,0.151807,872.979,
crawl,1.25,50,15,16,5,100,1,1.00236,0.923,580.07,0.178731,872.98,
astro1m,1.5,50,15,16,5,100,1,1.01151,0.4984,222.085,0.0996863,873.096,
audio,1.5,50,15,16,5,100,1,1.00257,0.9288,3.80052,0.0452172,873.096,
bigann,1.5,50,15,16,5,100,1,1.00086,0.9664,155.274,0.0447809,873.096,
cifar,1.5,50,15,16,5,100,1,1.00234,0.9152,5.80326,0.0868882,873.096,
astro1m,1.5,50,15,16,5,100,1,1.01592,0.398,207.82,0.0740633,873.096,
audio,1.5,50,15,16,5,100,1,1.00165,0.9364,3.53328,0.0372014,873.096,
deep,1.5,50,15,16,5,100,1,1.00253,0.9016,202.034,0.0678561,873.096,
nuswide,1.5,50,15,16,5,100,1,1.00564,0.7548,59.7278,0.0941974,873.096,
enron,1.5,50,15,16,5,100,1,1.00174,0.9202,20.7211,0.0740019,873.096,
nuswide,1.5,50,15,16,5,100,1,1.00739,0.7088,55.8682,0.0679987,873.096,
nytimes,1.5,50,15,16,5,100,1,1.01369,0.259,64.8466,0.0999729,873.096,
astro1m,1.5,50,15,16,5,100,1,1.02044,0.3242,204.794,0.0497319,873.097,
audio,1.5,50,15,16,5,100,1,1.00271,0.925,3.5041,0.0306106,873.097,
nuswide,1.5,50,15,16,5,100,1,1.00853,0.6724,52.3596,0.0476105,873.097,
bigann,1.5,50,15,16,5,100,1,1.00178,0.944,176.102,0.0478961,873.097,
nytimes,1.5,50,15,16,5,100,1,1.01789,0.259,57.9195,0.0747291,873.097,
cifar,1.5,50,15,16,5,100,1,1.00412,0.8842,5.26832,0.0661518,873.097,
nytimes,1.5,50,15,16,5,100,1,1.04183,0.2242,53.9088,0.050007,873.097,
bigann,1.5,50,15,16,5,100,1,1.00239,0.9336,162.219,0.0321842,873.097,
cifar,1.5,50,15,16,5,100,1,1.01164,0.7808,4.80596,0.0467904,873.097,
gist,1.5,50,15,16,5,100,1,1.00344,0.8366,272.942,0.086987,873.097,
deep,1.5,50,15,16,5,100,1,1.00232,0.9086,275.371,0.0546384,873.097,
enron,1.5,50,15,16,5,100,1,1.00257,0.9032,13.0306,0.0447683,873.097,
deep,1.5,50,15,16,5,100,1,1.00508,0.8646,178.076,0.0368412,873.097,
random,1.5,50,15,16,5,100,1,1.02753,0.6186,163.261,0.0818655,873.097,
enron,1.5,50,15,16,5,100,1,1.0051,0.8504,12.6457,0.0420527,873.097,
random,1.5,50,15,16,5,100,1,1.03778,0.5942,155.762,0.0657269,873.097,
random,1.5,50,15,16,5,100,1,1.01611,0.5488,152.679,0.0436255,873.097,
crawl,1.5,50,15,16,5,100,1,1.00556,0.8212,477.586,0.0886988,873.097,
glove,1.5,50,15,16,5,100,1,1.00329,0.8868,266.579,0.0925991,873.097,
sald1m,1.5,50,15,16,5,100,1,1.00157,0.9408,184.125,0.0476102,873.097,
sald1m,1.5,50,15,16,5,100,1,1.00174,0.9332,190.305,0.0403718,873.097,
sald1m,1.5,50,15,16,5,100,1,1.00282,0.9148,142.91,0.0349863,873.097,
gist,1.5,50,15,16,5,100,1,1.00364,0.8358,277.461,0.0706822,873.098,
gist,1.5,50,15,16,5,100,1,1.0083,0.6906,218.981,0.0479812,873.098,
imageNet,1.5,50,15,16,5,100,1,1.17976,0.5824,180.144,0.0300979,873.098,
lastfm,1.5,50,15,16,5,100,1,1.00035,0.8706,9.52392,0.0879335,873.098,
seismic1m,1.5,50,15,16,5,100,1,1.01959,0.3732,192.048,0.0455049,873.098,
seismic1m,1.5,50,15,16,5,100,1,1.01489,0.4296,196.476,0.0653066,873.098,
seismic1m,1.5,50,15,16,5,100,1,1.01249,0.4656,210.579,0.0845566,873.098,
glove,1.5,50,15,16,5,100,1,1.00922,0.7774,251.078,0.0491107,873.098,
glove,1.5,50,15,16,5,100,1,1.00308,0.8764,280.739,0.0683342,873.098,
millionSong,1.5,50,15,16,5,100,1,1.00095,0.9458,104.542,0.0212806,873.098,
movielens,1.5,50,15,16,5,100,1,1.00195,0.948,0.78324,0.0932622,873.098,
MNIST,1.5,50,15,16,5,100,1,1.00289,0.93,9.46016,0.0588659,873.098,
netflix,1.5,50,15,16,5,100,1,1.00047,0.9844,1.24776,0.060529,873.098,
sift,1.5,50,15,16,5,100,1,1.00146,0.9494,137.335,0.0366572,873.098,
sift,1.5,50,15,16,5,100,1,1.00091,0.966,142.914,0.0470569,873.098,
sift,1.5,50,15,16,5,100,1,1.00038,0.9806,157.624,0.0601027,873.098,
notre,1.5,50,15,16,5,100,1,1.00131,0.9422,52.4298,0.0550539,873.098,
space1V,1.5,50,15,16,5,100,1,1.01869,0.5226,182.019,0.050002,873.098,
imageNet,1.5,50,15,16,5,100,1,1.19749,0.5666,142.479,0.0199773,873.098,
space1V,1.5,50,15,16,5,100,1,1.01744,0.5524,192.347,0.0748706,873.098,
sun,1.5,50,15,16,5,100,1,1.00853,0.8042,8.51544,0.046789,873.098,
imageNet,1.5,50,15,16,5,100,1,1.1965,0.5826,160.782,0.0268146,873.098,
lastfm,1.5,50,15,16,5,100,1,1.00032,0.8076,6.1113,0.0463048,873.098,
sun,1.5,50,15,16,5,100,1,1.00563,0.847,10.0718,0.0671877,873.098,
lastfm,1.5,50,15,16,5,100,1,1.00036,0.8132,6.60078,0.0695834,873.098,
space1V,1.5,50,15,16,5,100,1,1.00917,0.7002,203.171,0.0986181,873.098,
sun,1.5,50,15,16,5,100,1,1.00272,0.8994,10.0593,0.0783211,873.098,
millionSong,1.5,50,15,16,5,100,1,1.00064,0.952,149.017,0.0326797,873.099,
movielens,1.5,50,15,16,5,100,1,1.00344,0.9252,0.70791,0.0490915,873.099,
millionSong,1.5,50,15,16,5,100,1,1.00112,0.9426,144.93,0.034633,873.099,
movielens,1.5,50,15,16,5,100,1,1.0027,0.9332,0.77899,0.0729587,873.099,
text-to-image,1.5,50,15,16,5,100,1,1.00583,0.8758,191.395,0.040891,873.099,
text-to-image,1.5,50,15,16,5,100,1,1.00343,0.9124,193.21,0.0580062,873.099,
MNIST,1.5,50,15,16,5,100,1,1.00326,0.919,8.83958,0.0339872,873.099,
netflix,1.5,50,15,16,5,100,1,1.00339,0.9274,1.21549,0.0474069,873.099,
MNIST,1.5,50,15,16,5,100,1,1.00282,0.9258,6.96746,0.0430394,873.099,
netflix,1.5,50,15,16,5,100,1,1.00056,0.9824,1.16034,0.05835,873.099,
text-to-image,1.5,50,15,16,5,100,1,1.00295,0.9308,212.772,0.0808513,873.099,
notre,1.5,50,15,16,5,100,1,1.00256,0.9216,51.448,0.0327516,873.099,
notre,1.5,50,15,16,5,100,1,1.00213,0.9338,52.7279,0.0425165,873.099,
trevi,1.5,50,15,16,5,100,1,1.00291,0.917,21.0745,0.039978,873.099,
trevi,1.5,50,15,16,5,100,1,1.00217,0.9306,26.6978,0.0524598,873.099,
trevi,1.5,50,15,16,5,100,1,1.00056,0.947,38.5131,0.0707141,873.099,
uqv,1.5,50,15,16,5,100,1,2.08659,0.0002,0.12554,0.00010628,873.099,
uqv,1.5,50,15,16,5,100,1,2.08659,0.0002,0.19954,0.00010628,873.099,
uqv,1.5,50,15,16,5,100,1,2.08659,0.0002,0.2772,0.00010628,873.099,
ukbench,1.5,50,15,16,5,100,1,1.00152,0.939,173.27,0.0354886,873.099,
ukbench,1.5,50,15,16,5,100,1,1.00185,0.9344,182.358,0.0268584,873.099,
ukbench,1.5,50,15,16,5,100,1,1.001,0.945,195.7,0.0427064,873.099,
tiny5m,1.5,50,15,16,5,100,1,1.00225,0.8728,1172.4,0.0825542,873.1,
word2vec,1.5,50,15,16,5,100,1,1.00947,0.6274,202.036,0.0718091,873.1,
word2vec,1.5,50,15,16,5,100,1,1.00902,0.6148,210.691,0.0480319,873.1,
yahoomusic,1.5,50,15,16,5,100,1,1.00321,0.9232,14.9183,0.0578919,873.1,
yahoomusic,1.5,50,15,16,5,100,1,1.00328,0.921,14.6018,0.0426003,873.1,
word2vec,1.5,50,15,16,5,100,1,1.00667,0.711,225.079,0.0955376,873.1,
yahoomusic,1.5,50,15,16,5,100,1,1.00232,0.9364,17.0317,0.0643743,873.1,
crawl,1.5,50,15,16,5,100,1,1.00651,0.7906,420.98,0.0693978,873.1,
tiny5m,1.5,50,15,16,5,100,1,1.00258,0.865,929.5,0.0601677,873.102,
crawl,1.5,50,15,16,5,100,1,1.00971,0.749,388.615,0.04592,873.102,
tiny5m,1.5,50,15,16,5,100,1,1.00469,0.7788,898.014,0.043942,873.104,
astro1m,1.5,50,10,16,5,100,1,1.01894,0.3518,181.569,0.080003,874.091,
audio,1.5,50,10,16,5,100,1,1.0026,0.9256,3.34799,0.0494188,874.091,
bigann,1.5,50,10,16,5,100,1,1.00441,0.8944,155.921,0.0651098,874.091,
nuswide,1.5,50,10,16,5,100,1,1.01186,0.633,53.4643,0.0790016,874.091,
astro1m,2,50,15,16,5,100,1,1.01436,0.4392,217.302,0.0780857,874.091,
cifar,1.5,50,10,16,5,100,1,1.02998,0.6536,5.17632,0.0791186,874.091,
audio,2,50,15,16,5,100,1,1.00311,0.9122,3.31625,0.0363639,874.091,
nytimes,1.5,50,10,16,5,100,1,1.0685,0.2014,50.819,0.0800086,874.091,
astro1m,1.75,50,10,16,5,100,1,1.02122,0.3126,192.925,0.0800024,874.091,
audio,1.75,50,10,16,5,100,1,1.00354,0.9154,4.59647,0.0490014,874.091,
nuswide,2,50,15,16,5,100,1,1.00832,0.695,56.3274,0.0652187,874.091,
nuswide,1.75,50,10,16,5,100,1,1.01017,0.6432,57.0796,0.0773203,874.091,
nytimes,2,50,15,16,5,100,1,1.01876,0.2914,67.2018,0.0787004,874.091,
bigann,2,50,15,16,5,100,1,1.002,0.9392,189.968,0.0426892,874.092,
nytimes,1.75,50,10,16,5,100,1,1.06213,0.2404,59.5653,0.0800067,874.092,
cifar,2,50,15,16,5,100,1,1.00576,0.8646,7.3426,0.0664746,874.092,
deep,1.5,50,10,16,5,100,1,1.0072,0.8286,195.99,0.0727271,874.092,
random,1.5,50,10,16,5,100,1,1.03058,0.8268,165.095,0.0731875,874.092,
bigann,1.75,50,10,16,5,100,1,1.00291,0.9124,150.747,0.0558136,874.092,
cifar,1.75,50,10,16,5,100,1,1.016,0.7514,6.47986,0.0765948,874.092,
enron,1.5,50,10,16,5,100,1,1.00404,0.8786,19.6893,0.0615079,874.092,
random,2,50,15,16,5,100,1,1.05172,0.8134,171.959,0.0618338,874.092,
random,1.75,50,10,16,5,100,1,1.03651,0.8088,147.361,0.0669095,874.092,
sald1m,1.5,50,10,16,5,100,1,1.00272,0.9144,144.451,0.0551006,874.092,
deep,1.75,50,10,16,5,100,1,1.00781,0.8202,182.034,0.0646535,874.092,
deep,2,50,15,16,5,100,1,1.00461,0.8762,217.093,0.0529863,874.092,
enron,1.75,50,10,16,5,100,1,1.00706,0.8298,21.215,0.0677646,874.092,
enron,2,50,15,16,5,100,1,1.00334,0.8864,18.4247,0.0548511,874.092,
sald1m,2,50,15,16,5,100,1,1.00236,0.9136,150.4,0.0315974,874.092,
sald1m,1.75,50,10,16,5,100,1,1.00424,0.8708,131.643,0.0496554,874.092,
seismic1m,1.5,50,10,16,5,100,1,1.01369,0.475,196.083,0.0798799,874.092,
crawl,1.5,50,10,16,5,100,1,1.01343,0.6894,402.888,0.07637,874.092,
gist,1.5,50,10,16,5,100,1,1.00596,0.7624,227.663,0.0741563,874.092,
seismic1m,1.75,50,10,16,5,100,1,1.01248,0.5232,185.01,0.0664284,874.092,
seismic1m,2,50,15,16,5,100,1,1.00863,0.5912,213.772,0.0623219,874.092,
sift,1.5,50,10,16,5,100,1,1.00272,0.9198,131.47,0.0594867,874.092,
gist,1.75,50,10,16,5,100,1,1.0077,0.716,253.312,0.0779418,874.093,
glove,1.5,50,10,16,5,100,1,1.0086,0.7756,238.174,0.0769812,874.093,
sift,1.75,50,10,16,5,100,1,1.0029,0.9236,144.85,0.0589642,874.093,
gist,2,50,15,16,5,100,1,1.00431,0.8094,274.072,0.064302,874.093,
sift,2,50,15,16,5,100,1,1.00172,0.9456,151.896,0.0411077,874.093,
space1V,1.5,50,10,16,5,100,1,1.02014,0.5198,190.893,0.0798824,874.093,
sun,1.5,50,10,16,5,100,1,1.00769,0.8128,14.1092,0.077698,874.093,
glove,1.75,50,10,16,5,100,1,1.00897,0.7746,234.606,0.0765488,874.093,
imageNet,1.5,50,10,16,5,100,1,1.31726,0.4456,89.8122,0.0193299,874.093,
space1V,1.75,50,10,16,5,100,1,1.02008,0.5018,192.608,0.0800021,874.093,
lastfm,1.5,50,10,16,5,100,1,1.00041,0.8316,9.45393,0.0745647,874.093,
sun,1.75,50,10,16,5,100,1,1.00828,0.8044,14.0933,0.0748128,874.093,
space1V,2,50,15,16,5,100,1,1.01318,0.6084,226.303,0.0791763,874.093,
glove,2,50,15,16,5,100,1,1.00559,0.8336,263.905,0.0683204,874.093,
sun,2,50,15,16,5,100,1,1.00573,0.851,13.5514,0.0617983,874.093,
imageNet,1.75,50,10,16,5,100,1,1.29154,0.4462,81.2898,0.0197449,874.093,
text-to-image,1.5,50,10,16,5,100,1,1.0098,0.8224,193.018,0.0695703,874.093,
millionSong,1.5,50,10,16,5,100,1,1.00228,0.9318,123.373,0.045566,874.093,
movielens,1.5,50,10,16,5,100,1,1.00315,0.9308,0.8421,0.0799335,874.093,
lastfm,1.75,50,10,16,5,100,1,1.00024,0.8666,10.2617,0.0761781,874.093,
MNIST,1.5,50,10,16,5,100,1,1.00983,0.8632,9.74969,0.0627258,874.093,
netflix,1.5,50,10,16,5,100,1,1.00544,0.898,1.36112,0.0765115,874.093,
text-to-image,1.75,50,10,16,5,100,1,1.01218,0.7844,198.48,0.0723623,874.093,
trevi,1.5,50,10,16,5,100,1,1.00345,0.8974,43.4559,0.0740287,874.093,
notre,1.5,50,10,16,5,100,1,1.0036,0.9142,52.4142,0.0582127,874.093,
uqv,1.5,50,10,16,5,100,1,1.92608,0.0006,0.14365,0.00010579,874.093,
trevi,1.75,50,10,16,5,100,1,1.00301,0.905,41.0322,0.0689243,874.093,
text-to-image,2,50,15,16,5,100,1,1.0053,0.8834,221.675,0.0587903,874.093,
uqv,1.75,50,10,16,5,100,1,1.9535,0.0016,0.13236,0.000106,874.093,
imageNet,2,50,15,16,5,100,1,1.19741,0.5658,164.726,0.0294831,874.093,
millionSong,1.75,50,10,16,5,100,1,1.00146,0.9338,146.881,0.0560103,874.093,
movielens,1.75,50,10,16,5,100,1,1.002,0.9496,0.79095,0.0784584,874.093,
lastfm,2,50,15,16,5,100,1,1.00071,0.7452,6.41078,0.0628655,874.093,
MNIST,1.75,50,10,16,5,100,1,1.00752,0.8762,11.7411,0.0588845,874.093,
netflix,1.75,50,10,16,5,100,1,1.00299,0.9336,1.28111,0.0631863,874.093,
trevi,2,50,15,16,5,100,1,1.0039,0.8826,32.146,0.0512224,874.093,
notre,1.75,50,10,16,5,100,1,1.0047,0.9002,47.7431,0.0501677,874.094,
uqv,2,50,15,16,5,100,1,1.84984,0.0026,0.12192,0.0001062,874.094,
ukbench,1.5,50,10,16,5,100,1,1.00429,0.9012,153.144,0.0492934,874.094,
ukbench,1.75,50,10,16,5,100,1,1.00242,0.919,144.46,0.0432765,874.094,
millionSong,2,50,15,16,5,100,1,1.00352,0.91,112.312,0.0242872,874.094,
movielens,2,50,15,16,5,100,1,1.00758,0.8578,0.72697,0.0698642,874.094,
MNIST,2,50,15,16,5,100,1,1.00509,0.9114,10.0521,0.0464984,874.094,
netflix,2,50,15,16,5,100,1,1.00086,0.9736,1.24765,0.0577558,874.094,
notre,2,50,15,16,5,100,1,1.00351,0.9098,54.471,0.0416876,874.094,
tiny5m,1.5,50,10,16,5,100,1,1.00531,0.7532,954.986,0.0760781,874.094,
ukbench,2,50,15,16,5,100,1,1.00462,0.8946,175.414,0.0303235,874.094,
word2vec,1.5,50,10,16,5,100,1,1.01353,0.5402,187.156,0.0769493,874.094,
yahoomusic,1.5,50,10,16,5,100,1,1.00523,0.8848,13.6208,0.0647236,874.094,
word2vec,1.75,50,10,16,5,100,1,1.01273,0.551,174.007,0.0754766,874.094,
yahoomusic,1.75,50,10,16,5,100,1,1.00585,0.876,13.9585,0.0719403,874.094,
word2vec,2,50,15,16,5,100,1,1.00976,0.6176,191.227,0.0686429,874.094,
yahoomusic,2,50,15,16,5,100,1,1.00268,0.9336,13.4804,0.0430672,874.094,
crawl,2,50,15,16,5,100,1,1.00601,0.8028,419.313,0.0691693,874.094,
tiny5m,2,50,15,16,5,100,1,1.00388,0.8094,1072.58,0.0667807,874.096,
crawl,1.75,50,10,16,5,100,1,1.01398,0.6628,364.778,0.0739359,874.097,
tiny5m,1.75,50,10,16,5,100,1,1.00662,0.7098,898.491,0.0733742,874.098,
astro1m,1.5,50,15,16,5,100,1,1.02568,0.272,175.73,0.030003,874.511,
audio,1.5,50,15,16,5,100,1,1.00578,0.8978,3.00391,0.0199112,874.511,
astro1m,1.5,50,15,16,5,100,1,1.03136,0.213,169.29,0.0200034,874.511,
audio,1.5,50,15,16,5,100,1,1.00546,0.8834,2.77609,0.0166762,874.511,
nuswide,1.5,50,15,16,5,100,1,1.01717,0.5556,42.127,0.0290203,874.511,
nytimes,1.5,50,15,16,5,100,1,1.09918,0.1686,51.3151,0.0300092,874.511,
astro1m,1.5,50,15,16,5,100,1,1.04344,0.1392,165.708,0.0100035,874.511,
bigann,1.5,50,15,16,5,100,1,1.0028,0.9182,128.929,0.0211121,874.511,
nuswide,1.5,50,15,16,5,100,1,1.01875,0.5218,44.4188,0.0195357,874.511,
audio,1.5,50,15,16,5,100,1,1.00964,0.851,2.59904,0.008822,874.511,
cifar,1.5,50,15,16,5,100,1,1.01222,0.772,3.56967,0.029305,874.511,
nytimes,1.5,50,15,16,5,100,1,1.13084,0.1454,46.4525,0.02001,874.511,
bigann,1.5,50,15,16,5,100,1,1.00573,0.8562,147.987,0.0169029,874.511,
nuswide,1.5,50,15,16,5,100,1,1.02608,0.4738,42.1263,0.009824,874.511,
cifar,1.5,50,15,16,5,100,1,1.02362,0.664,3.97652,0.0198382,874.511,
nytimes,1.5,50,15,16,5,100,1,1.18073,0.0856,48.5938,0.0100113,874.511,
random,1.5,50,15,16,5,100,1,1.04269,0.724,137.241,0.0262221,874.511,
bigann,1.5,50,15,16,5,100,1,1.00919,0.8156,142.492,0.00878178,874.511,
cifar,1.5,50,15,16,5,100,1,1.04262,0.5704,2.87418,0.0100046,874.511,
deep,1.5,50,15,16,5,100,1,1.00735,0.819,166.307,0.0261136,874.511,
random,1.5,50,15,16,5,100,1,1.03945,0.6956,137.163,0.0192456,874.511,
enron,1.5,50,15,16,5,100,1,1.00771,0.8126,8.39036,0.0265023,874.511,
deep,1.5,50,15,16,5,100,1,1.00944,0.792,162.329,0.0183387,874.511,
random,1.5,50,15,16,5,100,1,1.03582,0.5942,138.507,0.00963178,874.511,
enron,1.5,50,15,16,5,100,1,1.00967,0.7928,9.84178,0.0170509,874.511,
sald1m,1.5,50,15,16,5,100,1,1.00578,0.8534,149.335,0.0223022,874.511,
sald1m,1.5,50,15,16,5,100,1,1.00396,0.8742,136.419,0.0144737,874.511,
deep,1.5,50,15,16,5,100,1,1.01792,0.7188,167.375,0.00974035,874.511,
enron,1.5,50,15,16,5,100,1,1.02096,0.6832,5.76505,0.00930138,874.511,
sald1m,1.5,50,15,16,5,100,1,1.00928,0.7964,118.055,0.00846607,874.511,
seismic1m,1.5,50,15,16,5,100,1,1.01876,0.408,175.116,0.0282625,874.512,
gist,1.5,50,15,16,5,100,1,1.00706,0.7174,181.932,0.0290661,874.512,
seismic1m,1.5,50,15,16,5,100,1,1.02805,0.3118,169.931,0.0200029,874.512,
crawl,1.5,50,15,16,5,100,1,1.01528,0.6352,395.249,0.0281703,874.512,
gist,1.5,50,15,16,5,100,1,1.01376,0.566,189.535,0.0199281,874.512,
seismic1m,1.5,50,15,16,5,100,1,1.03044,0.2766,146.198,0.00969217,874.512,
sift,1.5,50,15,16,5,100,1,1.00221,0.9306,131.473,0.0232647,874.512,
gist,1.5,50,15,16,5,100,1,1.02534,0.4024,170.862,0.0099708,874.512,
sift,1.5,50,15,16,5,100,1,1.00394,0.893,110.577,0.016896,874.512,
sift,1.5,50,15,16,5,100,1,1.00885,0.802,101.059,0.00943232,874.512,
glove,1.5,50,15,16,5,100,1,1.01117,0.731,207.713,0.0298501,874.512,
glove,1.5,50,15,16,5,100,1,1.01689,0.6658,215.117,0.019232,874.512,
space1V,1.5,50,15,16,5,100,1,1.0264,0.4194,185.637,0.0300022,874.512,
sun,1.5,50,15,16,5,100,1,1.01174,0.7594,10.6332,0.0286868,874.512,
space1V,1.5,50,15,16,5,100,1,1.03192,0.3452,173.761,0.0200023,874.512,
sun,1.5,50,15,16,5,100,1,1.01674,0.7098,8.43433,0.0198633,874.512,
space1V,1.5,50,15,16,5,100,1,1.04852,0.2398,158.326,0.00999349,874.512,
glove,1.5,50,15,16,5,100,1,1.02172,0.6082,207.544,0.00991744,874.512,
sun,1.5,50,15,16,5,100,1,1.02115,0.6582,4.87363,0.00986916,874.512,
imageNet,1.5,50,15,16,5,100,1,1.21183,0.5062,104.342,0.0149682,874.512,
lastfm,1.5,50,15,16,5,100,1,1.00034,0.7116,2.68452,0.0291744,874.512,
imageNet,1.5,50,15,16,5,100,1,1.22263,0.485,104.235,0.0108101,874.512,
lastfm,1.5,50,15,16,5,100,1,1.00052,0.6258,3.12476,0.0193351,874.512,
text-to-image,1.5,50,15,16,5,100,1,1.0127,0.8028,191.824,0.0277881,874.512,
imageNet,1.5,50,15,16,5,100,1,1.21554,0.4542,61.8953,0.00594641,874.513,
text-to-image,1.5,50,15,16,5,100,1,1.02752,0.6638,162.571,0.00984283,874.513,
text-to-image,1.5,50,15,16,5,100,1,1.0185,0.7372,181.573,0.0189655,874.513,
lastfm,1.5,50,15,16,5,100,1,1.00091,0.3974,1.02681,0.00953418,874.513,
millionSong,1.5,50,15,16,5,100,1,1.00139,0.9342,109.28,0.0191201,874.513,
movielens,1.5,50,15,16,5,100,1,1.00994,0.83,0.50961,0.0298923,874.513,
MNIST,1.5,50,15,16,5,100,1,1.00945,0.867,5.99608,0.023767,874.513,
netflix,1.5,50,15,16,5,100,1,1.00309,0.9354,0.91798,0.0287057,874.513,
trevi,1.5,50,15,16,5,100,1,1.01687,0.7214,9.56356,0.00986637,874.513,
trevi,1.5,50,15,16,5,100,1,1.00487,0.865,20.5862,0.0284183,874.513,
trevi,1.5,50,15,16,5,100,1,1.00809,0.818,16.9556,0.0192086,874.513,
notre,1.5,50,15,16,5,100,1,1.00482,0.8964,43.053,0.020284,874.513,
uqv,1.5,50,15,16,5,100,1,1.94663,0,0.1198,0.00010641,874.513,
uqv,1.5,50,15,16,5,100,1,1.80831,0.0008,0.11308,0.00010664,874.513,
millionSong,1.5,50,15,16,5,100,1,1.00241,0.9152,113.248,0.0151474,874.513,
uqv,1.5,50,15,16,5,100,1,1.80831,0.0008,0.10022,0.00010664,874.513,
movielens,1.5,50,15,16,5,100,1,1.0236,0.6896,0.4926,0.0200843,874.513,
MNIST,1.5,50,15,16,5,100,1,1.01122,0.8526,5.2565,0.0163816,874.513,
netflix,1.5,50,15,16,5,100,1,1.01412,0.7954,0.95424,0.0201125,874.513,
millionSong,1.5,50,15,16,5,100,1,1.00344,0.8958,100.419,0.00810974,874.513,
movielens,1.5,50,15,16,5,100,1,1.05777,0.4944,0.52869,0.0102932,874.513,
MNIST,1.5,50,15,16,5,100,1,1.03253,0.7482,6.29174,0.0090529,874.513,
netflix,1.5,50,15,16,5,100,1,1.0226,0.7044,0.78622,0.0101154,874.513,
notre,1.5,50,15,16,5,100,1,1.00818,0.8666,50.0835,0.0156299,874.513,
notre,1.5,50,15,16,5,100,1,1.01626,0.8062,48.636,0.0081471,874.513,
ukbench,1.5,50,15,16,5,100,1,1.00766,0.8568,147.9,0.00804693,874.513,
ukbench,1.5,50,15,16,5,100,1,1.00301,0.9112,150.947,0.0181781,874.513,
ukbench,1.5,50,15,16,5,100,1,1.00458,0.8926,145.48,0.0132433,874.513,
word2vec,1.5,50,15,16,5,100,1,1.02468,0.3512,145.333,0.00990232,874.513,
yahoomusic,1.5,50,15,16,5,100,1,1.0147,0.7392,8.99988,0.00991816,874.513,
word2vec,1.5,50,15,16,5,100,1,1.01502,0.46,166.613,0.0197472,874.513,
word2vec,1.5,50,15,16,5,100,1,1.01131,0.5328,178.017,0.0294542,874.513,
yahoomusic,1.5,50,15,16,5,100,1,1.00868,0.8264,12.5052,0.0194524,874.513,
yahoomusic,1.5,50,15,16,5,100,1,1.00428,0.9056,12.1732,0.0272323,874.513,
tiny5m,1.5,50,15,16,5,100,1,1.00705,0.701,898.161,0.0280633,874.513,
crawl,1.5,50,15,16,5,100,1,1.0217,0.5598,348.996,0.019504,874.514,
tiny5m,1.5,50,15,16,5,100,1,1.01134,0.603,820.056,0.0192583,874.515,
crawl,1.5,50,15,16,5,100,1,1.03403,0.465,329.513,0.00986991,874.516,
tiny5m,1.5,50,15,16,5,100,1,1.01659,0.5028,737.074,0.00982547,874.517,
nuswide,1.75,50,15,16,5,100,1,1.01936,0.529,36.4989,0.0191143,874.521,
nuswide,1.75,50,15,16,5,100,1,1.02821,0.4646,38.8009,0.00964574,874.521,
nuswide,1.75,50,15,16,5,100,1,1.01555,0.5682,44.8269,0.0284161,874.521,
nytimes,1.75,50,15,16,5,100,1,1.17884,0.1112,47.5928,0.0100085,874.521,
nytimes,1.75,50,15,16,5,100,1,1.13355,0.149,51.8208,0.01999,874.521,
nytimes,1.75,50,15,16,5,100,1,1.11021,0.1726,52.4586,0.0298894,874.521,
astro1m,1.75,50,15,16,5,100,1,1.04325,0.1394,174.47,0.00992879,874.521,
astro1m,1.75,50,15,16,5,100,1,1.03228,0.2056,174.16,0.0197286,874.521,
audio,1.75,50,15,16,5,100,1,1.01208,0.83,3.52333,0.0088529,874.521,
audio,1.75,50,15,16,5,100,1,1.0067,0.8714,3.83716,0.0145944,874.521,
astro1m,1.75,50,15,16,5,100,1,1.02596,0.2626,194.119,0.0295284,874.521,
audio,1.75,50,15,16,5,100,1,1.00639,0.8882,3.54348,0.0210602,874.521,
random,1.75,50,15,16,5,100,1,1.04398,0.564,127.986,0.00957146,874.521,
random,1.75,50,15,16,5,100,1,1.04029,0.6848,135.573,0.0186862,874.521,
random,1.75,50,15,16,5,100,1,1.0372,0.7334,139.715,0.0268053,874.521,
bigann,1.75,50,15,16,5,100,1,1.01031,0.7852,128.325,0.00902066,874.521,
cifar,1.75,50,15,16,5,100,1,1.0349,0.5932,2.41997,0.0098552,874.521,
bigann,1.75,50,15,16,5,100,1,1.00531,0.8638,151.116,0.0163842,874.521,
cifar,1.75,50,15,16,5,100,1,1.02109,0.69,4.71554,0.0189878,874.521,
sald1m,1.75,50,15,16,5,100,1,1.00823,0.8134,124.471,0.00767772,874.521,
bigann,1.75,50,15,16,5,100,1,1.00431,0.8872,157.105,0.0216276,874.521,
cifar,1.75,50,15,16,5,100,1,1.01544,0.7402,4.02388,0.0289316,874.521,
sald1m,1.75,50,15,16,5,100,1,1.00498,0.8672,128.868,0.0157935,874.521,
sald1m,1.75,50,15,16,5,100,1,1.00271,0.9046,126.288,0.0172501,874.521,
deep,1.75,50,15,16,5,100,1,1.01717,0.7028,150.835,0.00938846,874.521,
enron,1.75,50,15,16,5,100,1,1.02384,0.6662,6.5619,0.00923979,874.521,
deep,1.75,50,15,16,5,100,1,1.01268,0.7598,169.572,0.0179963,874.521,
seismic1m,1.75,50,15,16,5,100,1,1.02842,0.2808,159.73,0.00981646,874.521,
deep,1.75,50,15,16,5,100,1,1.00679,0.8278,176.353,0.0245564,874.521,
seismic1m,1.75,50,15,16,5,100,1,1.02388,0.3062,170.723,0.0195173,874.521,
enron,1.75,50,15,16,5,100,1,1.01275,0.7666,7.97214,0.0167671,874.521,
seismic1m,1.75,50,15,16,5,100,1,1.02113,0.3342,173.66,0.0266148,874.521,
enron,1.75,50,15,16,5,100,1,1.0084,0.8148,8.01301,0.0240517,874.521,
sift,1.75,50,15,16,5,100,1,1.01013,0.7856,112.127,0.00904282,874.521,
sift,1.75,50,15,16,5,100,1,1.00361,0.893,118.895,0.0170042,874.522,
sift,1.75,50,15,16,5,100,1,1.00276,0.9158,104.898,0.0227517,874.522,
gist,1.75,50,15,16,5,100,1,1.02027,0.4614,153.738,0.00976758,874.522,
gist,1.75,50,15,16,5,100,1,1.01051,0.6246,180.424,0.0190537,874.522,
space1V,1.75,50,15,16,5,100,1,1.04752,0.2444,169.293,0.0100021,874.522,
sun,1.75,50,15,16,5,100,1,1.02937,0.598,7.62259,0.0100221,874.522,
gist,1.75,50,15,16,5,100,1,1.0081,0.6954,188.911,0.0269259,874.522,
space1V,1.75,50,15,16,5,100,1,1.03595,0.324,176.674,0.0200018,874.522,
space1V,1.75,50,15,16,5,100,1,1.0285,0.3942,181.055,0.0299721,874.522,
sun,1.75,50,15,16,5,100,1,1.01807,0.6886,7.7305,0.0196318,874.522,
sun,1.75,50,15,16,5,100,1,1.01315,0.7418,8.74387,0.0291044,874.522,
glove,1.75,50,15,16,5,100,1,1.02412,0.6116,193.842,0.0097692,874.522,
text-to-image,1.75,50,15,16,5,100,1,1.02416,0.6918,170.345,0.00936719,874.522,
glove,1.75,50,15,16,5,100,1,1.01414,0.6904,214.983,0.0195157,874.522,
text-to-image,1.75,50,15,16,5,100,1,1.01954,0.7388,182.464,0.0188751,874.522,
glove,1.75,50,15,16,5,100,1,1.01068,0.7428,221.822,0.0282133,874.522,
text-to-image,1.75,50,15,16,5,100,1,1.0143,0.7902,187.533,0.0275918,874.522,
trevi,1.75,50,15,16,5,100,1,1.0178,0.7216,12.5831,0.00992122,874.522,
imageNet,1.75,50,15,16,5,100,1,1.20814,0.435,69.4595,0.00654352,874.522,
trevi,1.75,50,15,16,5,100,1,1.01039,0.7948,15.8631,0.0195357,874.522,
lastfm,1.75,50,15,16,5,100,1,1.00109,0.4466,0.87622,0.00880008,874.522,
uqv,1.75,50,15,16,5,100,1,2.223,0.0006,0.13134,0.00010624,874.522,
trevi,1.75,50,15,16,5,100,1,1.00523,0.8624,20.4769,0.0279651,874.522,
uqv,1.75,50,15,16,5,100,1,2.00118,0.0018,0.14451,0.00010595,874.522,
uqv,1.75,50,15,16,5,100,1,2.02673,0.0008,0.13351,0.00010657,874.522,
imageNet,1.75,50,15,16,5,100,1,1.20216,0.5222,110.901,0.00920084,874.522,
lastfm,1.75,50,15,16,5,100,1,1.00072,0.5908,2.01855,0.0169609,874.522,
imageNet,1.75,50,15,16,5,100,1,1.19653,0.5448,117.148,0.0124065,874.522,
millionSong,1.75,50,15,16,5,100,1,1.00465,0.8748,96.9313,0.00816932,874.522,
movielens,1.75,50,15,16,5,100,1,1.03093,0.6294,0.51127,0.0101555,874.522,
ukbench,1.75,50,15,16,5,100,1,1.0101,0.8284,138.773,0.00724991,874.522,
lastfm,1.75,50,15,16,5,100,1,1.0004,0.6986,4.01762,0.0277612,874.522,
MNIST,1.75,50,15,16,5,100,1,1.02077,0.8036,4.37141,0.00875841,874.522,
netflix,1.75,50,15,16,5,100,1,1.03392,0.6358,0.75414,0.0100929,874.522,
notre,1.75,50,15,16,5,100,1,1.01128,0.8376,39.3898,0.00772984,874.523,
ukbench,1.75,50,15,16,5,100,1,1.0066,0.8758,150.747,0.0113725,874.523,
ukbench,1.75,50,15,16,5,100,1,1.00319,0.9072,146.56,0.0152446,874.523,
millionSong,1.75,50,15,16,5,100,1,1.00305,0.9112,99.5351,0.0124501,874.523,
movielens,1.75,50,15,16,5,100,1,1.02704,0.6576,0.53734,0.020103,874.523,
MNIST,1.75,50,15,16,5,100,1,1.01324,0.8278,6.35907,0.015357,874.523,
netflix,1.75,50,15,16,5,100,1,1.00975,0.835,0.861,0.0198182,874.523,
millionSong,1.75,50,15,16,5,100,1,1.00295,0.9084,121.086,0.0211693,874.523,
movielens,1.75,50,15,16,5,100,1,1.00822,0.8358,0.58916,0.0300834,874.523,
word2vec,1.75,50,15,16,5,100,1,1.02953,0.3098,151.062,0.0096113,874.523,
notre,1.75,50,15,16,5,100,1,1.00742,0.8714,48.5184,0.0131411,874.523,
MNIST,1.75,50,15,16,5,100,1,1.01012,0.8634,7.58198,0.0232216,874.523,
netflix,1.75,50,15,16,5,100,1,1.00312,0.9298,0.90372,0.0289629,874.523,
yahoomusic,1.75,50,15,16,5,100,1,1.02699,0.6592,12.0558,0.00986829,874.523,
notre,1.75,50,15,16,5,100,1,1.00538,0.8854,48.6519,0.0191446,874.523,
word2vec,1.75,50,15,16,5,100,1,1.02095,0.4126,163.116,0.0193029,874.523,
word2vec,1.75,50,15,16,5,100,1,1.01533,0.4904,166.838,0.028888,874.523,
yahoomusic,1.75,50,15,16,5,100,1,1.01245,0.7806,10.3578,0.0190826,874.523,
yahoomusic,1.75,50,15,16,5,100,1,1.00744,0.8342,11.5012,0.0250463,874.523,
nuswide,1.5,50,20,16,5,100,1,1.00803,0.6852,46.7712,0.0460388,874.532,
nuswide,1.5,50,20,16,5,100,1,1.00546,0.7452,53.9192,0.0676914,874.532,
nuswide,1.5,50,20,16,5,100,1,1.00403,0.7884,59.9337,0.0885093,874.532,
nuswide,1.5,50,20,16,5,100,1,1.02058,0.5128,40.5175,0.00973109,874.532,
nuswide,1.5,50,20,16,5,100,1,1.01366,0.588,42.9821,0.0192595,874.532,
nytimes,1.5,50,20,16,5,100,1,1.01559,0.2606,62.0584,0.0499536,874.532,
nuswide,1.5,50,20,16,5,100,1,1.01059,0.634,44.9211,0.028731,874.532,
nytimes,1.5,50,20,16,5,100,1,1.00455,0.2882,65.9081,0.07338,874.532,
nytimes,1.5,50,20,16,5,100,1,1.00085,0.3034,69.8402,0.0945337,874.532,
nytimes,1.5,50,20,16,5,100,1,1.1414,0.1404,46.6387,0.01001,874.532,
nytimes,1.5,50,20,16,5,100,1,1.07817,0.2074,47.6188,0.0200072,874.532,
nytimes,1.5,50,20,16,5,100,1,1.03889,0.2592,49.1255,0.0300058,874.532,
astro1m,1.5,50,20,16,5,100,1,1.01264,0.4698,221.461,0.0750019,874.532,
astro1m,1.5,50,20,16,5,100,1,1.01624,0.3964,225.82,0.0500021,874.532,
audio,1.5,50,20,16,5,100,1,1.00179,0.9354,4.0332,0.0276419,874.532,
audio,1.5,50,20,16,5,100,1,1.00225,0.9274,6.0023,0.0222556,874.532,
astro1m,1.5,50,20,16,5,100,1,1.0102,0.5306,261.655,0.0999145,874.532,
audio,1.5,50,20,16,5,100,1,1.00141,0.9444,5.69944,0.0278875,874.532,
astro1m,1.5,50,20,16,5,100,1,1.03584,0.1816,184.584,0.0100026,874.532,
astro1m,1.5,50,20,16,5,100,1,1.02647,0.2508,191.319,0.0200023,874.532,
audio,1.5,50,20,16,5,100,1,1.00666,0.882,3.53882,0.00828535,874.532,
audio,1.5,50,20,16,5,100,1,1.00374,0.915,3.99065,0.0120602,874.532,
random,1.5,50,20,16,5,100,1,1.01091,0.8312,162.977,0.0443743,874.532,
astro1m,1.5,50,20,16,5,100,1,1.02107,0.3132,206.762,0.0300022,874.532,
audio,1.5,50,20,16,5,100,1,1.00171,0.9328,4.53964,0.0190743,874.532,
random,1.5,50,20,16,5,100,1,1.01721,0.8682,180.978,0.0632755,874.532,
random,1.5,50,20,16,5,100,1,1.02601,0.6628,127.595,0.00963548,874.532,
random,1.5,50,20,16,5,100,1,1.0239,0.751,133.007,0.0189956,874.532,
random,1.5,50,20,16,5,100,1,1.03015,0.7746,135.162,0.0268908,874.532,
random,1.5,50,20,16,5,100,1,1.02651,0.9064,197.043,0.0834747,874.532,
bigann,1.5,50,20,16,5,100,1,1.00102,0.9648,175.861,0.0365404,874.532,
cifar,1.5,50,20,16,5,100,1,1.00305,0.9006,8.42701,0.0637212,874.532,
bigann,1.5,50,20,16,5,100,1,1.00134,0.9564,184.061,0.0294751,874.532,
cifar,1.5,50,20,16,5,100,1,1.00455,0.8698,7.84305,0.043633,874.532,
bigann,1.5,50,20,16,5,100,1,1.00465,0.8716,160.157,0.00830878,874.532,
sald1m,1.5,50,20,16,5,100,1,1.00186,0.9272,144.452,0.0200232,874.532,
cifar,1.5,50,20,16,5,100,1,1.01682,0.7136,4.27,0.0097176,874.532,
bigann,1.5,50,20,16,5,100,1,1.00279,0.9182,172.43,0.0154105,874.532,
bigann,1.5,50,20,16,5,100,1,1.00056,0.9778,199.282,0.0455933,874.532,
cifar,1.5,50,20,16,5,100,1,1.0116,0.7722,4.21075,0.0191346,874.532,
sald1m,1.5,50,20,16,5,100,1,1.00861,0.8438,144.866,0.00744528,874.532,
sald1m,1.5,50,20,16,5,100,1,1.00461,0.8952,144.425,0.0134448,874.532,
cifar,1.5,50,20,16,5,100,1,1.00233,0.9168,6.60519,0.0746324,874.532,
sald1m,1.5,50,20,16,5,100,1,1.00367,0.9102,147.936,0.0177211,874.532,
sald1m,1.5,50,20,16,5,100,1,1.00336,0.9218,167.077,0.026648,874.532,
bigann,1.5,50,20,16,5,100,1,1.00367,0.9042,181.509,0.0216457,874.532,
cifar,1.5,50,20,16,5,100,1,1.00565,0.8512,5.9455,0.0274634,874.532,
sald1m,1.5,50,20,16,5,100,1,1.00165,0.9362,163.845,0.0329152,874.532,
deep,1.5,50,20,16,5,100,1,1.00819,0.816,167.88,0.00871229,874.533,
deep,1.5,50,20,16,5,100,1,1.00215,0.9116,209.162,0.0414873,874.533,
deep,1.5,50,20,16,5,100,1,1.00293,0.9004,200.557,0.033175,874.533,
seismic1m,1.5,50,20,16,5,100,1,1.02569,0.3426,165.319,0.00987237,874.533,
seismic1m,1.5,50,20,16,5,100,1,1.01139,0.5214,202.19,0.0409748,874.533,
deep,1.5,50,20,16,5,100,1,1.00487,0.8642,173.9,0.016666,874.533,
seismic1m,1.5,50,20,16,5,100,1,1.02812,0.3398,176.002,0.0191359,874.533,
seismic1m,1.5,50,20,16,5,100,1,1.01984,0.4142,170.934,0.0257982,874.533,
enron,1.5,50,20,16,5,100,1,1.01315,0.7576,5.60023,0.00857286,874.533,
enron,1.5,50,20,16,5,100,1,1.0031,0.9072,15.0717,0.0431756,874.533,
deep,1.5,50,20,16,5,100,1,1.00106,0.9364,203.528,0.0520446,874.533,
enron,1.5,50,20,16,5,100,1,1.00385,0.8802,18.1306,0.0385213,874.533,
enron,1.5,50,20,16,5,100,1,1.00755,0.8154,7.64774,0.0162802,874.533,
deep,1.5,50,20,16,5,100,1,1.00442,0.866,191.957,0.0222425,874.533,
seismic1m,1.5,50,20,16,5,100,1,1.00986,0.5474,218.635,0.0570766,874.533,
enron,1.5,50,20,16,5,100,1,1.00215,0.9234,17.0181,0.0621896,874.533,
enron,1.5,50,20,16,5,100,1,1.00464,0.8712,11.4674,0.0230541,874.533,
seismic1m,1.5,50,20,16,5,100,1,1.0061,0.6566,244.359,0.0802777,874.533,
sift,1.5,50,20,16,5,100,1,1.00463,0.8696,123.576,0.00903952,874.533,
sift,1.5,50,20,16,5,100,1,1.00185,0.94,135.477,0.0166042,874.533,
sift,1.5,50,20,16,5,100,1,1.00082,0.9654,137.84,0.0207368,874.533,
sift,1.5,50,20,16,5,100,1,1.00074,0.9712,153.867,0.0297184,874.533,
sift,1.5,50,20,16,5,100,1,1.00077,0.9726,149.049,0.0375527,874.533,
sift,1.5,50,20,16,5,100,1,1.00039,0.9878,180.482,0.0427766,874.533,
space1V,1.5,50,20,16,5,100,1,1.03437,0.3392,176.287,0.0100025,874.533,
sun,1.5,50,20,16,5,100,1,1.0205,0.6678,9.14707,0.0100155,874.533,
gist,1.5,50,20,16,5,100,1,1.01426,0.556,181.347,0.00982496,874.533,
space1V,1.5,50,20,16,5,100,1,1.02533,0.4268,178.088,0.0200023,874.533,
space1V,1.5,50,20,16,5,100,1,1.01749,0.5462,182.23,0.0300021,874.533,
sun,1.5,50,20,16,5,100,1,1.01362,0.7312,8.02694,0.0198329,874.533,
sun,1.5,50,20,16,5,100,1,1.00608,0.8304,8.61901,0.0284537,874.533,
gist,1.5,50,20,16,5,100,1,1.00699,0.7136,196.756,0.0191007,874.533,
space1V,1.5,50,20,16,5,100,1,1.01192,0.628,213.225,0.0497239,874.533,
sun,1.5,50,20,16,5,100,1,1.00305,0.8924,15.45,0.0445016,874.533,
gist,1.5,50,20,16,5,100,1,1.00299,0.8494,251.996,0.0450651,874.533,
gist,1.5,50,20,16,5,100,1,1.00233,0.8812,283.878,0.0646236,874.533,
gist,1.5,50,20,16,5,100,1,1.00473,0.7748,218.852,0.0279879,874.533,
space1V,1.5,50,20,16,5,100,1,1.00867,0.7158,223.856,0.074267,874.533,
sun,1.5,50,20,16,5,100,1,1.00256,0.9114,13.4459,0.0606159,874.533,
gist,1.5,50,20,16,5,100,1,1.00155,0.9102,299.212,0.0890452,874.533,
space1V,1.5,50,20,16,5,100,1,1.00638,0.7784,237.895,0.0977382,874.534,
text-to-image,1.5,50,20,16,5,100,1,1.01003,0.817,180.02,0.00898357,874.534,
sun,1.5,50,20,16,5,100,1,1.00182,0.92,18.0504,0.0807739,874.534,
text-to-image,1.5,50,20,16,5,100,1,1.0067,0.8666,178.344,0.0163288,874.534,
glove,1.5,50,20,16,5,100,1,1.01522,0.6836,221.068,0.00987703,874.534,
text-to-image,1.5,50,20,16,5,100,1,1.00613,0.8704,183.313,0.0243015,874.534,
glove,1.5,50,20,16,5,100,1,1.00821,0.7744,222.977,0.0191248,874.534,
trevi,1.5,50,20,16,5,100,1,1.01047,0.7942,12.2202,0.0098045,874.534,
text-to-image,1.5,50,20,16,5,100,1,1.00292,0.924,212.493,0.0357267,874.534,
trevi,1.5,50,20,16,5,100,1,1.00447,0.8764,15.2189,0.0188506,874.534,
trevi,1.5,50,20,16,5,100,1,1.00283,0.9122,18.702,0.0236932,874.534,
glove,1.5,50,20,16,5,100,1,1.00415,0.8644,252.208,0.0405313,874.534,
glove,1.5,50,20,16,5,100,1,1.00665,0.8018,244.123,0.0289598,874.534,
glove,1.5,50,20,16,5,100,1,1.00315,0.875,267.89,0.0596191,874.534,
uqv,1.5,50,20,16,5,100,1,1.92846,0.0032,0.13901,0.00010665,874.534,
text-to-image,1.5,50,20,16,5,100,1,1.00238,0.9412,219.747,0.0504364,874.534,
uqv,1.5,50,20,16,5,100,1,1.85429,0.0022,0.11586,0.00010623,874.534,
trevi,1.5,50,20,16,5,100,1,1.00131,0.9352,26.7709,0.0367739,874.534,
uqv,1.5,50,20,16,5,100,1,1.97914,0.0056,0.13957,0.00010646,874.534,
glove,1.5,50,20,16,5,100,1,1.00271,0.893,255.902,0.0748478,874.534,
text-to-image,1.5,50,20,16,5,100,1,1.00123,0.961,229.305,0.0694866,874.534,
trevi,1.5,50,20,16,5,100,1,1.00072,0.9476,36.551,0.0529649,874.534,
uqv,1.5,50,20,16,5,100,1,1.91837,0.001,0.16274,0.0001067,874.534,
imageNet,1.5,50,20,16,5,100,1,1.13947,0.5776,141.827,0.00669832,874.534,
lastfm,1.5,50,20,16,5,100,1,1.00081,0.4556,1.39337,0.00943916,874.534,
imageNet,1.5,50,20,16,5,100,1,1.14624,0.6444,174.029,0.0111505,874.534,
ukbench,1.5,50,20,16,5,100,1,1.00368,0.9048,151.339,0.00606312,874.534,
uqv,1.5,50,20,16,5,100,1,2.14258,0.0014,0.16445,0.00010738,874.534,
lastfm,1.5,50,20,16,5,100,1,1.00044,0.6458,1.83793,0.018517,874.534,
trevi,1.5,50,20,16,5,100,1,1.00149,0.938,40.5134,0.0560495,874.534,
ukbench,1.5,50,20,16,5,100,1,1.00345,0.9134,159.569,0.0109686,874.534,
ukbench,1.5,50,20,16,5,100,1,1.00233,0.9288,158.606,0.0148689,874.534,
uqv,1.5,50,20,16,5,100,1,2.1568,0.0002,0.12804,0.00010828,874.534,
imageNet,1.5,50,20,16,5,100,1,1.14959,0.7054,233.974,0.0230454,874.534,
ukbench,1.5,50,20,16,5,100,1,1.00172,0.9382,182.155,0.019314,874.534,
lastfm,1.5,50,20,16,5,100,1,1.00023,0.822,9.18251,0.0485504,874.534,
millionSong,1.5,50,20,16,5,100,1,1.00396,0.8954,113.41,0.00737309,874.534,
movielens,1.5,50,20,16,5,100,1,1.02259,0.6784,0.62549,0.0101798,874.534,
imageNet,1.5,50,20,16,5,100,1,1.13985,0.71,257.082,0.0129288,874.534,
MNIST,1.5,50,20,16,5,100,1,1.01849,0.8048,7.47352,0.00889304,874.534,
netflix,1.5,50,20,16,5,100,1,1.01269,0.7958,0.94614,0.0100732,874.534,
imageNet,1.5,50,20,16,5,100,1,1.13962,0.7196,271.595,0.0215753,874.534,
lastfm,1.5,50,20,16,5,100,1,1.00028,0.7558,5.5531,0.0285824,874.534,
lastfm,1.5,50,20,16,5,100,1,1.00013,0.8904,10.6425,0.0700911,874.534,
millionSong,1.5,50,20,16,5,100,1,1.00124,0.9396,115.252,0.0120518,874.534,
movielens,1.5,50,20,16,5,100,1,1.01663,0.7424,0.7475,0.0200749,874.534,
imageNet,1.5,50,20,16,5,100,1,1.13218,0.7242,260.998,0.0258132,874.534,
ukbench,1.5,50,20,16,5,100,1,1.00132,0.9474,178.053,0.0235272,874.534,
word2vec,1.5,50,20,16,5,100,1,1.0187,0.4106,177.296,0.0100021,874.534,
MNIST,1.5,50,20,16,5,100,1,1.00803,0.8772,6.66487,0.0143507,874.534,
netflix,1.5,50,20,16,5,100,1,1.00715,0.8716,1.0244,0.0191041,874.534,
notre,1.5,50,20,16,5,100,1,1.00628,0.886,52.1075,0.00773239,874.534,
lastfm,1.5,50,20,16,5,100,1,1.00027,0.8942,10.8378,0.094583,874.534,
yahoomusic,1.5,50,20,16,5,100,1,1.01037,0.814,12.0191,0.00966702,874.534,
word2vec,1.5,50,20,16,5,100,1,1.0138,0.4964,182.596,0.0194506,874.534,
word2vec,1.5,50,20,16,5,100,1,1.01008,0.5834,188.755,0.0281883,874.534,
yahoomusic,1.5,50,20,16,5,100,1,1.00474,0.8808,12.3203,0.0188964,874.534,
notre,1.5,50,20,16,5,100,1,1.00238,0.9206,47.3868,0.0117017,874.534,
yahoomusic,1.5,50,20,16,5,100,1,1.00284,0.9268,13.0369,0.0232265,874.534,
ukbench,1.5,50,20,16,5,100,1,1.00173,0.9386,171.564,0.0212017,874.534,
millionSong,1.5,50,20,16,5,100,1,1.0011,0.9452,134.614,0.0230036,874.535,
movielens,1.5,50,20,16,5,100,1,1.00163,0.9578,0.75346,0.0496141,874.535,
MNIST,1.5,50,20,16,5,100,1,1.00255,0.9294,11.269,0.0316088,874.535,
netflix,1.5,50,20,16,5,100,1,1.00109,0.968,1.09474,0.0358829,874.535,
millionSong,1.5,50,20,16,5,100,1,1.0013,0.9402,112.463,0.0149582,874.535,
movielens,1.5,50,20,16,5,100,1,1.0044,0.901,0.61462,0.0301208,874.535,
word2vec,1.5,50,20,16,5,100,1,1.00776,0.6592,213.546,0.0470287,874.535,
MNIST,1.5,50,20,16,5,100,1,1.00599,0.8988,8.07428,0.0200741,874.535,
netflix,1.5,50,20,16,5,100,1,1.00239,0.939,1.16727,0.0297721,874.535,
millionSong,1.5,50,20,16,5,100,1,1.00098,0.9466,121.745,0.0210891,874.535,
movielens,1.5,50,20,16,5,100,1,1.00058,0.9832,0.78213,0.0642044,874.535,
yahoomusic,1.5,50,20,16,5,100,1,1.00171,0.9438,18.4047,0.0325373,874.535,
MNIST,1.5,50,20,16,5,100,1,1.00202,0.9356,9.56911,0.0407067,874.535,
millionSong,1.5,50,20,16,5,100,1,1.00136,0.935,119.233,0.022225,874.535,
netflix,1.5,50,20,16,5,100,1,1.00047,0.9834,1.23915,0.046686,874.535,
movielens,1.5,50,20,16,5,100,1,1.00219,0.9524,0.92487,0.0943064,874.535,
notre,1.5,50,20,16,5,100,1,1.00186,0.9348,51.5075,0.0247896,874.535,
MNIST,1.5,50,20,16,5,100,1,1.00166,0.941,9.85936,0.0428343,874.535,
netflix,1.5,50,20,16,5,100,1,1.00074,0.9788,1.37634,0.0576995,874.535,
notre,1.5,50,20,16,5,100,1,1.00203,0.9272,51.337,0.0173447,874.535,
word2vec,1.5,50,20,16,5,100,1,1.00478,0.7432,219.144,0.0699825,874.535,
notre,1.5,50,20,16,5,100,1,1.00083,0.9458,52.8075,0.0332643,874.535,
yahoomusic,1.5,50,20,16,5,100,1,1.00074,0.9752,14.2592,0.0418654,874.535,
notre,1.5,50,20,16,5,100,1,1.0006,0.9542,51.0992,0.0362164,874.535,
word2vec,1.5,50,20,16,5,100,1,1.00552,0.747,222.267,0.0929687,874.535,
yahoomusic,1.5,50,20,16,5,100,1,1.00075,0.9754,15.4485,0.052417,874.535,
nuswide,1.5,50,20,16,5,100,1,1.0206,0.5082,36.0538,0.0097248,874.701,
nuswide,1.5,50,20,16,5,100,1,1.01429,0.5756,43.4834,0.0189396,874.701,
nuswide,1.5,50,20,16,5,100,1,1.0109,0.6314,45.1481,0.0279654,874.701,
nytimes,1.5,50,20,16,5,100,1,1.12575,0.1506,48.185,0.0100097,874.701,
nytimes,1.5,50,20,16,5,100,1,1.07442,0.2006,52.3193,0.0200073,874.701,
nytimes,1.5,50,20,16,5,100,1,1.04061,0.2362,51.5523,0.030006,874.701,
astro1m,1.5,50,20,16,5,100,1,1.03456,0.1858,161.634,0.0100025,874.701,
audio,1.5,50,20,16,5,100,1,1.00514,0.887,3.01847,0.00765486,874.701,
astro1m,1.5,50,20,16,5,100,1,1.02446,0.2774,182.306,0.0200023,874.701,
astro1m,1.5,50,20,16,5,100,1,1.01962,0.3396,189.679,0.0300021,874.701,
audio,1.5,50,20,16,5,100,1,1.00435,0.9056,4.19017,0.0120732,874.701,
audio,1.5,50,20,16,5,100,1,1.00162,0.9352,3.581,0.0172948,874.701,
random,1.5,50,20,16,5,100,1,1.04459,0.6342,129.163,0.00943773,874.701,
random,1.5,50,20,16,5,100,1,1.02357,0.7854,139.492,0.0278883,874.701,
random,1.5,50,20,16,5,100,1,1.02449,0.737,137.108,0.0189975,874.701,
bigann,1.5,50,20,16,5,100,1,1.00429,0.8812,131.985,0.00863565,874.701,
cifar,1.5,50,20,16,5,100,1,1.0209,0.6854,3.21778,0.01002,874.701,
bigann,1.5,50,20,16,5,100,1,1.00296,0.9152,162.758,0.0160846,874.701,
bigann,1.5,50,20,16,5,100,1,1.00226,0.9338,165.893,0.0216039,874.701,
cifar,1.5,50,20,16,5,100,1,1.01142,0.7718,4.36905,0.0191432,874.701,
cifar,1.5,50,20,16,5,100,1,1.00919,0.7998,5.89703,0.02833,874.701,
sald1m,1.5,50,20,16,5,100,1,1.00536,0.8672,142.584,0.00767152,874.701,
sald1m,1.5,50,20,16,5,100,1,1.00281,0.8992,124.249,0.0121626,874.701,
sald1m,1.5,50,20,16,5,100,1,1.00411,0.868,134.523,0.0109073,874.701,
deep,1.5,50,20,16,5,100,1,1.01033,0.7814,150.482,0.00870598,874.701,
enron,1.5,50,20,16,5,100,1,1.01415,0.7394,6.90227,0.0090823,874.701,
deep,1.5,50,20,16,5,100,1,1.0049,0.8642,167.276,0.0156002,874.701,
seismic1m,1.5,50,20,16,5,100,1,1.0337,0.2114,169.21,0.00915242,874.701,
deep,1.5,50,20,16,5,100,1,1.00412,0.8688,176.064,0.020831,874.701,
seismic1m,1.5,50,20,16,5,100,1,1.02417,0.3046,184.365,0.0263522,874.701,
enron,1.5,50,20,16,5,100,1,1.00753,0.8206,8.10356,0.0167225,874.701,
seismic1m,1.5,50,20,16,5,100,1,1.02244,0.3668,175.217,0.0189867,874.701,
enron,1.5,50,20,16,5,100,1,1.00532,0.852,9.53988,0.0238027,874.701,
sift,1.5,50,20,16,5,100,1,1.00379,0.8842,116.676,0.00879683,874.702,
sift,1.5,50,20,16,5,100,1,1.0015,0.9512,119.017,0.0193184,874.702,
sift,1.5,50,20,16,5,100,1,1.00229,0.9324,116.167,0.0148902,874.702,
gist,1.5,50,20,16,5,100,1,1.01512,0.5428,159.733,0.0100018,874.702,
space1V,1.5,50,20,16,5,100,1,1.03656,0.3266,173.536,0.0100024,874.702,
sun,1.5,50,20,16,5,100,1,1.02241,0.6472,8.63915,0.0100248,874.702,
gist,1.5,50,20,16,5,100,1,1.00735,0.7052,192.561,0.0191991,874.702,
space1V,1.5,50,20,16,5,100,1,1.0222,0.4724,182.847,0.0200022,874.702,
space1V,1.5,50,20,16,5,100,1,1.01699,0.546,187.144,0.0300021,874.702,
sun,1.5,50,20,16,5,100,1,1.00905,0.7908,11.1666,0.0199698,874.702,
gist,1.5,50,20,16,5,100,1,1.00551,0.7574,206.589,0.0286674,874.702,
sun,1.5,50,20,16,5,100,1,1.006,0.8342,12.0069,0.0297329,874.702,
glove,1.5,50,20,16,5,100,1,1.01531,0.6842,194.344,0.00954261,874.702,
text-to-image,1.5,50,20,16,5,100,1,1.01526,0.7784,174.081,0.00879059,874.702,
glove,1.5,50,20,16,5,100,1,1.00998,0.76,215.457,0.0190519,874.702,
text-to-image,1.5,50,20,16,5,100,1,1.00802,0.849,183.712,0.0167495,874.702,
text-to-image,1.5,50,20,16,5,100,1,1.0056,0.8834,187.847,0.0241053,874.702,
glove,1.5,50,20,16,5,100,1,1.00652,0.8094,223.327,0.0282249,874.702,
trevi,1.5,50,20,16,5,100,1,1.00918,0.815,10.2235,0.00985796,874.702,
trevi,1.5,50,20,16,5,100,1,1.00334,0.8844,15.7399,0.0185488,874.702,
trevi,1.5,50,20,16,5,100,1,1.00196,0.9126,19.5706,0.0256609,874.702,
uqv,1.5,50,20,16,5,100,1,2.04669,0.0016,0.1236,0.00010709,874.702,
imageNet,1.5,50,20,16,5,100,1,1.17064,0.5832,132.561,0.00631543,874.702,
lastfm,1.5,50,20,16,5,100,1,1.00082,0.435,0.82752,0.00898647,874.702,
uqv,1.5,50,20,16,5,100,1,1.98253,0.0006,0.11279,0.00010729,874.702,
uqv,1.5,50,20,16,5,100,1,1.99083,0,0.09356,0.00010525,874.702,
imageNet,1.5,50,20,16,5,100,1,1.14045,0.635,176.347,0.0115254,874.703,
lastfm,1.5,50,20,16,5,100,1,1.00044,0.6526,2.3476,0.0190337,874.703,
ukbench,1.5,50,20,16,5,100,1,1.00421,0.898,154.259,0.00656761,874.703,
millionSong,1.5,50,20,16,5,100,1,1.00265,0.9168,89.5291,0.00698578,874.703,
movielens,1.5,50,20,16,5,100,1,1.0419,0.5612,0.55713,0.0102145,874.703,
MNIST,1.5,50,20,16,5,100,1,1.01425,0.8372,5.02381,0.0081213,874.703,
netflix,1.5,50,20,16,5,100,1,1.02545,0.7062,0.73749,0.00997468,874.703,
imageNet,1.5,50,20,16,5,100,1,1.15432,0.643,204.424,0.016567,874.703,
ukbench,1.5,50,20,16,5,100,1,1.00244,0.9164,158.597,0.00982079,874.703,
lastfm,1.5,50,20,16,5,100,1,1.00046,0.714,4.49479,0.0269961,874.703,
ukbench,1.5,50,20,16,5,100,1,1.00343,0.915,169.201,0.0130489,874.703,
notre,1.5,50,20,16,5,100,1,1.00693,0.8698,41.7085,0.00741313,874.703,
millionSong,1.5,50,20,16,5,100,1,1.00222,0.921,124.453,0.012479,874.703,
movielens,1.5,50,20,16,5,100,1,1.00952,0.8134,0.75664,0.0199616,874.703,
MNIST,1.5,50,20,16,5,100,1,1.00873,0.8694,8.36887,0.0159474,874.703,
word2vec,1.5,50,20,16,5,100,1,1.02013,0.3992,170.013,0.00987382,874.703,
netflix,1.5,50,20,16,5,100,1,1.00419,0.9186,1.14448,0.0198385,874.703,
nuswide,1.5,50,20,16,5,100,1,1.00723,0.7084,58.3014,0.0461405,874.703,
yahoomusic,1.5,50,20,16,5,100,1,1.01035,0.7882,14.5223,0.00916152,874.703,
nuswide,1.5,50,20,16,5,100,1,1.00522,0.7646,64.3391,0.0681145,874.703,
nuswide,1.5,50,20,16,5,100,1,1.00397,0.8006,63.4132,0.0893949,874.703,
millionSong,1.5,50,20,16,5,100,1,1.00087,0.9418,116.051,0.011966,874.703,
movielens,1.5,50,20,16,5,100,1,1.00779,0.8438,0.58654,0.0299372,874.703,
MNIST,1.5,50,20,16,5,100,1,1.00445,0.9142,8.32726,0.020969,874.703,
netflix,1.5,50,20,16,5,100,1,1.00348,0.923,1.18999,0.0294766,874.703,
notre,1.5,50,20,16,5,100,1,1.00436,0.9066,52.7864,0.0128908,874.703,
word2vec,1.5,50,20,16,5,100,1,1.01199,0.524,190.888,0.0197027,874.703,
word2vec,1.5,50,20,16,5,100,1,1.01082,0.5602,195.603,0.0273747,874.703,
yahoomusic,1.5,50,20,16,5,100,1,1.00551,0.8624,14.472,0.0175652,874.703,
nytimes,1.5,50,20,16,5,100,1,1.00834,0.2676,59.1843,0.0737777,874.703,
nytimes,1.5,50,20,16,5,100,1,1.02142,0.253,65.0696,0.0497948,874.703,
yahoomusic,1.5,50,20,16,5,100,1,1.0044,0.887,13.4137,0.0269004,874.703,
nytimes,1.5,50,20,16,5,100,1,1.00282,0.279,74.5937,0.0963418,874.703,
notre,1.5,50,20,16,5,100,1,1.0026,0.9266,47.1697,0.0148513,874.703,
astro1m,1.5,50,20,16,5,100,1,1.01829,0.3596,226.577,0.0500021,874.703,
astro1m,1.5,50,20,16,5,100,1,1.0135,0.449,233.557,0.0746725,874.703,
audio,1.5,50,20,16,5,100,1,1.00323,0.9128,4.52555,0.0195836,874.703,
audio,1.5,50,20,16,5,100,1,1.00277,0.9202,3.8991,0.0237002,874.703,
astro1m,1.5,50,20,16,5,100,1,1.01083,0.513,244.771,0.0989108,874.703,
audio,1.5,50,20,16,5,100,1,1.0019,0.9388,4.26976,0.0328928,874.703,
random,1.5,50,20,16,5,100,1,1.01169,0.8252,152.941,0.0435271,874.703,
random,1.5,50,20,16,5,100,1,1.01099,0.8662,161.783,0.062456,874.703,
random,1.5,50,20,16,5,100,1,1.01793,0.8828,171.626,0.0794447,874.703,
bigann,1.5,50,20,16,5,100,1,1.00105,0.9648,166.604,0.0320815,874.703,
bigann,1.5,50,20,16,5,100,1,1.00122,0.9592,176.044,0.0260231,874.703,
bigann,1.5,50,20,16,5,100,1,1.00088,0.9688,180.091,0.043588,874.703,
cifar,1.5,50,20,16,5,100,1,1.00295,0.9004,10.236,0.0613368,874.703,
cifar,1.5,50,20,16,5,100,1,1.00442,0.868,5.37926,0.0436764,874.703,
sald1m,1.5,50,20,16,5,100,1,1.00184,0.9272,139.345,0.0228884,874.703,
sald1m,1.5,50,20,16,5,100,1,1.00231,0.9136,136.843,0.0182186,874.703,
cifar,1.5,50,20,16,5,100,1,1.00205,0.9208,7.18054,0.0769416,874.703,
sald1m,1.5,50,20,16,5,100,1,1.0013,0.9464,146.313,0.0294884,874.704,
deep,1.5,50,20,16,5,100,1,1.00258,0.9064,177.793,0.0293144,874.704,
deep,1.5,50,20,16,5,100,1,1.00207,0.915,190.518,0.0369197,874.704,
seismic1m,1.5,50,20,16,5,100,1,1.01115,0.5022,200.309,0.0418693,874.704,
deep,1.5,50,20,16,5,100,1,1.00144,0.93,196.094,0.0517216,874.704,
enron,1.5,50,20,16,5,100,1,1.00287,0.8928,20.2137,0.0361758,874.704,
seismic1m,1.5,50,20,16,5,100,1,1.00827,0.5786,216.481,0.0611192,874.704,
enron,1.5,50,20,16,5,100,1,1.00233,0.9154,18.2149,0.0518914,874.704,
seismic1m,1.5,50,20,16,5,100,1,1.0106,0.5144,205.18,0.0755716,874.704,
enron,1.5,50,20,16,5,100,1,1.00153,0.9282,23.3462,0.0657729,874.704,
sift,1.5,50,20,16,5,100,1,1.00109,0.9616,106.962,0.0254417,874.704,
sift,1.5,50,20,16,5,100,1,1.00074,0.969,143.42,0.032655,874.704,
sift,1.5,50,20,16,5,100,1,1.00076,0.9698,131.965,0.029217,874.704,
space1V,1.5,50,20,16,5,100,1,1.01319,0.6224,199.132,0.0500019,874.704,
sun,1.5,50,20,16,5,100,1,1.00322,0.8882,15.5695,0.0448687,874.704,
space1V,1.5,50,20,16,5,100,1,1.00856,0.7062,212.983,0.0742726,874.704,
gist,1.5,50,20,16,5,100,1,1.00315,0.8426,246.639,0.0454857,874.704,
space1V,1.5,50,20,16,5,100,1,1.00662,0.7602,205.046,0.0980378,874.705,
sun,1.5,50,20,16,5,100,1,1.00162,0.922,11.9036,0.0611342,874.705,
gist,1.5,50,20,16,5,100,1,1.00212,0.8842,258.752,0.0654099,874.705,
sun,1.5,50,20,16,5,100,1,1.00097,0.939,12.2196,0.0742181,874.705,
gist,1.5,50,20,16,5,100,1,1.00159,0.9116,259.778,0.0736,874.705,
text-to-image,1.5,50,20,16,5,100,1,1.00332,0.9152,193.666,0.0351036,874.705,
glove,1.5,50,20,16,5,100,1,1.00417,0.8542,233.457,0.0420181,874.705,
text-to-image,1.5,50,20,16,5,100,1,1.00185,0.9436,205.352,0.0475059,874.705,
trevi,1.5,50,20,16,5,100,1,1.00187,0.9178,29.3572,0.0408444,874.705,
text-to-image,1.5,50,20,16,5,100,1,1.00133,0.9586,222.466,0.0682408,874.705,
glove,1.5,50,20,16,5,100,1,1.00258,0.9006,251.974,0.0660853,874.705,
glove,1.5,50,20,16,5,100,1,1.00202,0.91,240.67,0.0837036,874.705,
uqv,1.5,50,20,16,5,100,1,2.08132,0,0.14112,0.00010569,874.705,
trevi,1.5,50,20,16,5,100,1,1.00107,0.9358,29.4763,0.0508569,874.705,
trevi,1.5,50,20,16,5,100,1,1.0011,0.9408,34.9259,0.0546749,874.705,
uqv,1.5,50,20,16,5,100,1,2.06649,0.0002,0.17164,0.00010731,874.705,
uqv,1.5,50,20,16,5,100,1,1.89451,0.0002,0.17398,0.0001075,874.705,
ukbench,1.5,50,20,16,5,100,1,1.00148,0.9422,166.119,0.0183927,874.705,
imageNet,1.5,50,20,16,5,100,1,1.14941,0.7126,216.321,0.0202494,874.705,
lastfm,1.5,50,20,16,5,100,1,1.00029,0.8096,8.5187,0.0458414,874.705,
ukbench,1.5,50,20,16,5,100,1,1.00139,0.945,178.615,0.021785,874.705,
imageNet,1.5,50,20,16,5,100,1,1.15427,0.7284,255.652,0.0293496,874.705,
ukbench,1.5,50,20,16,5,100,1,1.00098,0.9482,174.81,0.0295748,874.705,
imageNet,1.5,50,20,16,5,100,1,1.14707,0.7218,275.016,0.02769,874.705,
lastfm,1.5,50,20,16,5,100,1,1.00038,0.8828,19.0025,0.0883535,874.705,
lastfm,1.5,50,20,16,5,100,1,1.00026,0.8706,14.904,0.06918,874.705,
millionSong,1.5,50,20,16,5,100,1,1.00087,0.9466,123.077,0.0216391,874.706,
word2vec,1.5,50,20,16,5,100,1,1.00888,0.6146,205.799,0.0479036,874.706,
movielens,1.5,50,20,16,5,100,1,1.00192,0.951,0.86797,0.0482252,874.706,
MNIST,1.5,50,20,16,5,100,1,1.00214,0.932,7.2231,0.0238483,874.706,
netflix,1.5,50,20,16,5,100,1,1.00141,0.9574,1.37163,0.0462645,874.706,
yahoomusic,1.5,50,20,16,5,100,1,1.00177,0.9476,26.3911,0.0435503,874.706,
notre,1.5,50,20,16,5,100,1,1.0019,0.9314,54.4482,0.0244427,874.706,
millionSong,1.5,50,20,16,5,100,1,1.00143,0.9346,115.468,0.0188464,874.706,
movielens,1.5,50,20,16,5,100,1,1.00073,0.9802,1.0464,0.0973635,874.706,
word2vec,1.5,50,20,16,5,100,1,1.00502,0.7488,227.29,0.0706025,874.706,
millionSong,1.5,50,20,16,5,100,1,1.0008,0.9494,133.754,0.0242179,874.706,
movielens,1.5,50,20,16,5,100,1,1.00049,0.9818,0.88104,0.0697968,874.706,
MNIST,1.5,50,20,16,5,100,1,1.00216,0.9312,10.7953,0.039248,874.706,
netflix,1.5,50,20,16,5,100,1,1.0005,0.9814,1.64608,0.0661249,874.706,
MNIST,1.5,50,20,16,5,100,1,1.00232,0.9352,8.79798,0.0382612,874.706,
netflix,1.5,50,20,16,5,100,1,1.00063,0.9786,1.26518,0.0600045,874.706,
yahoomusic,1.5,50,20,16,5,100,1,1.00121,0.9602,20.7866,0.05577,874.706,
word2vec,1.5,50,20,16,5,100,1,1.00396,0.777,241.927,0.092602,874.706,
yahoomusic,1.5,50,20,16,5,100,1,1.00084,0.9724,23.7979,0.0521416,874.706,
notre,1.5,50,20,16,5,100,1,1.00112,0.9478,63.2038,0.0343857,874.706,
notre,1.5,50,20,16,5,100,1,1.00094,0.9488,51.1502,0.03889,874.706,
astro1m,1.5,50,10,16,5,100,1,1.03495,0.1856,144.774,0.0300037,875.503,
audio,1.5,50,10,16,5,100,1,1.01194,0.8534,2.82106,0.0269605,875.503,
bigann,1.5,50,10,16,5,100,1,1.01061,0.7894,119.827,0.0274857,875.503,
cifar,1.5,50,10,16,5,100,1,1.04271,0.5752,2.32192,0.0297628,875.504,
deep,1.5,50,10,16,5,100,1,1.01465,0.7366,124.778,0.0288988,875.504,
enron,1.5,50,10,16,5,100,1,1.01571,0.7428,7.77582,0.0265301,875.504,
gist,1.5,50,10,16,5,100,1,1.01567,0.5302,134.402,0.0296348,875.504,
nuswide,1.5,50,10,16,5,100,1,1.01822,0.5342,32.255,0.0291133,875.504,
nytimes,1.5,50,10,16,5,100,1,1.15376,0.1056,35.9907,0.0300116,875.504,
glove,1.5,50,10,16,5,100,1,1.02306,0.6226,166.924,0.0299877,875.504,
random,1.5,50,10,16,5,100,1,1.05408,0.6782,111.707,0.0287203,875.504,
imageNet,1.5,50,10,16,5,100,1,1.29623,0.4024,44.497,0.00971802,875.504,
sald1m,1.5,50,10,16,5,100,1,1.00671,0.8352,101.641,0.0252978,875.504,
lastfm,1.5,50,10,16,5,100,1,1.00022,0.7516,2.20946,0.0297215,875.504,
millionSong,1.5,50,10,16,5,100,1,1.0064,0.8614,90.3842,0.0248274,875.505,
movielens,1.5,50,10,16,5,100,1,1.02559,0.6846,0.51367,0.0302351,875.505,
MNIST,1.5,50,10,16,5,100,1,1.01554,0.8272,5.07758,0.026833,875.505,
seismic1m,1.5,50,10,16,5,100,1,1.02046,0.3662,130.968,0.0300032,875.505,
netflix,1.5,50,10,16,5,100,1,1.03444,0.6566,0.68115,0.0300568,875.505,
notre,1.5,50,10,16,5,100,1,1.01455,0.8246,34.6381,0.0257011,875.505,
sift,1.5,50,10,16,5,100,1,1.00686,0.8404,84.6565,0.0280935,875.505,
astro1m,1.5,50,12,16,5,100,1,1.0319,0.2118,162.073,0.0300032,875.505,
audio,1.5,50,12,16,5,100,1,1.00743,0.872,2.57213,0.021532,875.505,
space1V,1.5,50,10,16,5,100,1,1.03731,0.3064,132.604,0.0300035,875.505,
sun,1.5,50,10,16,5,100,1,1.02213,0.6494,6.01042,0.0300315,875.505,
bigann,1.5,50,12,16,5,100,1,1.00857,0.827,127.459,0.0251469,875.505,
cifar,1.5,50,12,16,5,100,1,1.03134,0.627,2.74381,0.029608,875.505,
text-to-image,1.5,50,10,16,5,100,1,1.0245,0.6762,136.84,0.0291267,875.505,
trevi,1.5,50,10,16,5,100,1,1.01075,0.8204,14.5625,0.0285362,875.505,
uqv,1.5,50,10,16,5,100,1,1.93875,0.0062,0.11116,0.00010583,875.505,
deep,1.5,50,12,16,5,100,1,1.01006,0.802,145.265,0.0275071,875.505,
enron,1.5,50,12,16,5,100,1,1.01302,0.7774,7.90271,0.0261397,875.505,
ukbench,1.5,50,10,16,5,100,1,1.00886,0.8544,114.575,0.0215674,875.506,
crawl,1.5,50,10,16,5,100,1,1.02778,0.5082,294.606,0.0292939,875.506,
word2vec,1.5,50,10,16,5,100,1,1.02453,0.3454,132.329,0.0297029,875.506,
yahoomusic,1.5,50,10,16,5,100,1,1.01159,0.7838,8.54916,0.0290201,875.506,
gist,1.5,50,12,16,5,100,1,1.01411,0.5544,166.786,0.0297849,875.506,
nuswide,1.5,50,12,16,5,100,1,1.01919,0.5274,35.4436,0.028925,875.506,
nytimes,1.5,50,12,16,5,100,1,1.13977,0.1372,40.8072,0.0300119,875.506,
glove,1.5,50,12,16,5,100,1,1.01721,0.6644,188.343,0.0296847,875.506,
random,1.5,50,12,16,5,100,1,1.03413,0.6984,122.599,0.0286915,875.506,
sald1m,1.5,50,12,16,5,100,1,1.00667,0.8326,103.526,0.0221995,875.506,
imageNet,1.5,50,12,16,5,100,1,1.23631,0.4184,54.3002,0.0134416,875.506,
lastfm,1.5,50,12,16,5,100,1,1.00058,0.6574,2.60754,0.0280125,875.506,
millionSong,1.5,50,12,16,5,100,1,1.0027,0.9158,86.8267,0.017551,875.506,
movielens,1.5,50,12,16,5,100,1,1.01806,0.7376,0.49321,0.0301883,875.506,
MNIST,1.5,50,12,16,5,100,1,1.01561,0.8346,5.53023,0.0259925,875.506,
netflix,1.5,50,12,16,5,100,1,1.01251,0.8132,0.80409,0.029789,875.506,
seismic1m,1.5,50,12,16,5,100,1,1.02442,0.3354,147.657,0.0295457,875.506,
notre,1.5,50,12,16,5,100,1,1.00651,0.8862,38.1859,0.0217107,875.507,
sift,1.5,50,12,16,5,100,1,1.00395,0.8906,94.909,0.0266883,875.507,
astro1m,1.5,50,10,16,5,100,1,1.03829,0.1624,135.19,0.0200039,875.507,
audio,1.5,50,10,16,5,100,1,1.01244,0.835,2.39885,0.0160794,875.507,
space1V,1.5,50,12,16,5,100,1,1.03682,0.3028,152.469,0.0300032,875.507,
tiny5m,1.5,50,10,16,5,100,1,1.01296,0.5652,628.425,0.0299698,875.507,
sun,1.5,50,12,16,5,100,1,1.01909,0.6716,6.72995,0.0300267,875.507,
bigann,1.5,50,10,16,5,100,1,1.02211,0.6604,112.577,0.019283,875.507,
cifar,1.5,50,10,16,5,100,1,1.06465,0.4964,1.38942,0.01985,875.507,
text-to-image,1.5,50,12,16,5,100,1,1.01737,0.739,153.998,0.0285108,875.507,
deep,1.5,50,10,16,5,100,1,1.02104,0.686,119.61,0.019162,875.507,
enron,1.5,50,10,16,5,100,1,1.01915,0.6952,6.67463,0.0181724,875.507,
trevi,1.5,50,12,16,5,100,1,1.01123,0.7826,17.5914,0.0295681,875.507,
uqv,1.5,50,12,16,5,100,1,2.12651,0,0.11805,0.00010619,875.507,
crawl,1.5,50,10,16,5,100,1,1.0403,0.417,271.129,0.0196539,875.507,
gist,1.5,50,10,16,5,100,1,1.0209,0.452,137.148,0.0199942,875.508,
ukbench,1.5,50,12,16,5,100,1,1.00618,0.875,133.203,0.0203898,875.508,
glove,1.5,50,10,16,5,100,1,1.02586,0.5826,159.811,0.01985,875.508,
word2vec,1.5,50,12,16,5,100,1,1.02107,0.3946,150.142,0.0296306,875.508,
yahoomusic,1.5,50,12,16,5,100,1,1.01192,0.799,9.36409,0.0272324,875.508,
nuswide,1.5,50,10,16,5,100,1,1.0269,0.462,28.9169,0.019598,875.508,
nytimes,1.5,50,10,16,5,100,1,1.18018,0.0944,33.6191,0.0200131,875.508,
imageNet,1.5,50,10,16,5,100,1,1.3007,0.3888,36.5976,0.00722574,875.508,
lastfm,1.5,50,10,16,5,100,1,1.00083,0.5844,1.61916,0.0175494,875.508,
random,1.5,50,10,16,5,100,1,1.04545,0.6064,99.1647,0.0191182,875.508,
millionSong,1.5,50,10,16,5,100,1,1.00702,0.8444,84.8013,0.0171925,875.508,
movielens,1.5,50,10,16,5,100,1,1.02852,0.6716,0.42573,0.0202004,875.508,
MNIST,1.5,50,10,16,5,100,1,1.03278,0.7394,4.57795,0.0182761,875.508,
netflix,1.5,50,10,16,5,100,1,1.02508,0.7304,0.6484,0.0200203,875.508,
notre,1.5,50,10,16,5,100,1,1.01662,0.8174,33.1983,0.0172381,875.508,
sald1m,1.5,50,10,16,5,100,1,1.01338,0.7508,100.711,0.0183057,875.508,
tiny5m,1.5,50,10,16,5,100,1,1.01898,0.4576,508.891,0.0196097,875.508,
seismic1m,1.5,50,10,16,5,100,1,1.03762,0.2626,118.62,0.0200035,875.508,
astro1m,1.5,50,12,16,5,100,1,1.03796,0.1598,154.95,0.0200033,875.509,
audio,1.5,50,12,16,5,100,1,1.00903,0.8578,2.646,0.0155145,875.509,
sift,1.5,50,10,16,5,100,1,1.01071,0.7792,89.102,0.0182501,875.509,
bigann,1.5,50,12,16,5,100,1,1.00825,0.8196,123.438,0.0176627,875.509,
cifar,1.5,50,12,16,5,100,1,1.04873,0.5382,2.11263,0.019883,875.509,
space1V,1.5,50,10,16,5,100,1,1.04707,0.2436,125.972,0.0200038,875.509,
sun,1.5,50,10,16,5,100,1,1.02786,0.6062,4.93242,0.0199218,875.509,
crawl,1.5,50,10,16,5,100,1,1.06018,0.2822,245.034,0.00996876,875.509,
deep,1.5,50,12,16,5,100,1,1.02078,0.6862,144.579,0.0189843,875.509,
enron,1.5,50,12,16,5,100,1,1.01598,0.7288,6.43093,0.0177484,875.509,
text-to-image,1.5,50,10,16,5,100,1,1.03562,0.6188,126.732,0.0188134,875.509,
trevi,1.5,50,10,16,5,100,1,1.01671,0.7514,12.121,0.0195071,875.509,
uqv,1.5,50,10,16,5,100,1,1.89568,0.003,0.20517,0.00010597,875.509,
gist,1.5,50,12,16,5,100,1,1.01854,0.5016,151.5,0.0200026,875.509,
ukbench,1.5,50,10,16,5,100,1,1.00918,0.8494,102.85,0.015485,875.509,
word2vec,1.5,50,10,16,5,100,1,1.02889,0.3084,118.603,0.0199398,875.51,
yahoomusic,1.5,50,10,16,5,100,1,1.02938,0.629,7.08615,0.0193639,875.51,
glove,1.5,50,12,16,5,100,1,1.02627,0.5842,181.484,0.0196695,875.51,
nuswide,1.5,50,12,16,5,100,1,1.02513,0.4908,33.8848,0.0193411,875.51,
nytimes,1.5,50,12,16,5,100,1,1.15805,0.1178,38.2135,0.0200135,875.51,
imageNet,1.5,50,12,16,5,100,1,1.27736,0.4446,56.2187,0.00785976,875.51,
lastfm,1.5,50,12,16,5,100,1,1.00066,0.5662,1.79895,0.0172947,875.51,
random,1.5,50,12,16,5,100,1,1.03184,0.63,125.377,0.0191295,875.51,
tiny5m,1.5,50,10,16,5,100,1,1.02544,0.3786,465.76,0.0099946,875.51,
millionSong,1.5,50,12,16,5,100,1,1.0058,0.865,87.0316,0.0160792,875.51,
movielens,1.5,50,12,16,5,100,1,1.01119,0.7956,0.48267,0.0201264,875.51,
MNIST,1.5,50,12,16,5,100,1,1.01977,0.81,4.62062,0.0173252,875.51,
netflix,1.5,50,12,16,5,100,1,1.02027,0.7442,0.83791,0.0201339,875.51,
sald1m,1.5,50,12,16,5,100,1,1.00767,0.8146,116.963,0.0160905,875.51,
notre,1.5,50,12,16,5,100,1,1.0142,0.8258,38.1946,0.016464,875.51,
astro1m,1.5,50,10,16,5,100,1,1.0508,0.099,121.597,0.0100045,875.51,
audio,1.5,50,10,16,5,100,1,1.02088,0.7862,2.21473,0.00963381,875.51,
seismic1m,1.5,50,12,16,5,100,1,1.02392,0.339,138.136,0.0193792,875.51,
crawl,1.5,50,12,16,5,100,1,1.02453,0.5332,327.038,0.0293835,875.51,
bigann,1.5,50,10,16,5,100,1,1.0267,0.5952,98.7723,0.0097451,875.51,
cifar,1.5,50,10,16,5,100,1,1.0914,0.4226,0.98264,0.010007,875.51,
sift,1.5,50,12,16,5,100,1,1.00607,0.847,100.492,0.0171702,875.51,
deep,1.5,50,10,16,5,100,1,1.03584,0.6044,107.191,0.00987891,875.511,
enron,1.5,50,10,16,5,100,1,1.03246,0.6146,4.41208,0.00941634,875.511,
space1V,1.5,50,12,16,5,100,1,1.04306,0.264,145.749,0.0200034,875.511,
sun,1.5,50,12,16,5,100,1,1.02197,0.6406,5.69417,0.0199164,875.511,
text-to-image,1.5,50,12,16,5,100,1,1.01968,0.7292,146.818,0.0191804,875.511,
gist,1.5,50,10,16,5,100,1,1.02916,0.3522,99.1527,0.00996749,875.511,
trevi,1.5,50,12,16,5,100,1,1.01286,0.773,12.2618,0.0196428,875.511,
uqv,1.5,50,12,16,5,100,1,1.91612,0.0088,0.11345,0.00010609,875.511,
glove,1.5,50,10,16,5,100,1,1.0444,0.473,143.154,0.0100026,875.511,
ukbench,1.5,50,12,16,5,100,1,1.00847,0.8572,119.235,0.0140466,875.511,
imageNet,1.5,50,10,16,5,100,1,1.31475,0.3668,22.2532,0.00409148,875.511,
lastfm,1.5,50,10,16,5,100,1,1.0009,0.445,0.92535,0.0096034,875.511,
word2vec,1.5,50,12,16,5,100,1,1.02562,0.3284,134.889,0.0196336,875.511,
millionSong,1.5,50,10,16,5,100,1,1.02108,0.7116,78.4444,0.00946679,875.511,
movielens,1.5,50,10,16,5,100,1,1.05585,0.5108,0.44759,0.01031,875.511,
MNIST,1.5,50,10,16,5,100,1,1.05578,0.6634,3.93,0.00982246,875.511,
yahoomusic,1.5,50,12,16,5,100,1,1.01958,0.69,8.65397,0.01944,875.511,
netflix,1.5,50,10,16,5,100,1,1.04467,0.5804,0.64817,0.0101761,875.511,
notre,1.5,50,10,16,5,100,1,1.03281,0.7386,29.1045,0.00887323,875.512,
nuswide,1.5,50,10,16,5,100,1,1.03839,0.401,25.9332,0.00987213,875.512,
nytimes,1.5,50,10,16,5,100,1,1.22094,0.055,29.7977,0.0100149,875.512,
tiny5m,1.5,50,12,16,5,100,1,1.00965,0.6318,709.572,0.0285013,875.512,
random,1.5,50,10,16,5,100,1,1.03641,0.463,102.63,0.0097047,875.512,
astro1m,1.5,50,12,16,5,100,1,1.05105,0.1026,142.657,0.0100036,875.512,
audio,1.5,50,12,16,5,100,1,1.02221,0.778,2.31741,0.0096945,875.512,
sald1m,1.5,50,10,16,5,100,1,1.01994,0.6754,75.3546,0.00916437,875.512,
bigann,1.5,50,12,16,5,100,1,1.02022,0.6706,110.55,0.00946312,875.512,
cifar,1.5,50,12,16,5,100,1,1.07303,0.4614,1.49097,0.01007,875.512,
seismic1m,1.5,50,10,16,5,100,1,1.04966,0.1076,105.455,0.0100041,875.512,
deep,1.5,50,12,16,5,100,1,1.02053,0.6798,123.559,0.00969532,875.512,
enron,1.5,50,12,16,5,100,1,1.0279,0.6478,6.12495,0.00933412,875.512,
sift,1.5,50,10,16,5,100,1,1.01877,0.6726,82.0869,0.00970001,875.512,
crawl,1.5,50,12,16,5,100,1,1.03254,0.485,307.114,0.0198111,875.512,
space1V,1.5,50,10,16,5,100,1,1.06829,0.1406,114.536,0.0100044,875.512,
sun,1.5,50,10,16,5,100,1,1.0562,0.4638,4.42667,0.0100451,875.512,
gist,1.5,50,12,16,5,100,1,1.0303,0.3474,141.385,0.0100028,875.513,
text-to-image,1.5,50,10,16,5,100,1,1.05899,0.491,116.734,0.00998137,875.513,
trevi,1.5,50,10,16,5,100,1,1.03401,0.6126,7.73329,0.0100261,875.513,
uqv,1.5,50,10,16,5,100,1,1.92076,0.0016,0.10519,0.00010594,875.513,
glove,1.5,50,12,16,5,100,1,1.03547,0.5242,166.319,0.00992276,875.513,
ukbench,1.5,50,10,16,5,100,1,1.02052,0.7688,98.4472,0.00861821,875.513,
imageNet,1.5,50,12,16,5,100,1,1.25156,0.3964,36.0082,0.00526659,875.513,
lastfm,1.5,50,12,16,5,100,1,1.00076,0.4666,0.78393,0.00956872,875.513,
word2vec,1.5,50,10,16,5,100,1,1.04199,0.2184,95.7303,0.00996351,875.513,
yahoomusic,1.5,50,10,16,5,100,1,1.03519,0.6196,6.14596,0.00991736,875.513,
nuswide,1.5,50,12,16,5,100,1,1.03693,0.4186,28.9983,0.00984049,875.513,
millionSong,1.5,50,12,16,5,100,1,1.0109,0.792,86.6396,0.00937225,875.513,
movielens,1.5,50,12,16,5,100,1,1.06572,0.4638,0.36472,0.0103419,875.513,
MNIST,1.5,50,12,16,5,100,1,1.03456,0.7532,4.08274,0.00955478,875.513,
netflix,1.5,50,12,16,5,100,1,1.04063,0.6098,0.68765,0.0101339,875.513,
nytimes,1.5,50,12,16,5,100,1,1.20161,0.0748,35.6821,0.0100148,875.513,
notre,1.5,50,12,16,5,100,1,1.02143,0.7812,34.6853,0.0088101,875.513,
random,1.5,50,12,16,5,100,1,1.05061,0.5198,100.187,0.00962089,875.513,
tiny5m,1.5,50,12,16,5,100,1,1.01364,0.5374,680.725,0.0197954,875.513,
sald1m,1.5,50,12,16,5,100,1,1.01918,0.6794,102.228,0.00914127,875.513,
seismic1m,1.5,50,12,16,5,100,1,1.03596,0.2966,116.599,0.00995779,875.514,
sift,1.5,50,12,16,5,100,1,1.01431,0.7266,92.6407,0.00977545,875.514,
crawl,1.5,50,12,16,5,100,1,1.04614,0.3692,284.917,0.00992949,875.514,
space1V,1.5,50,12,16,5,100,1,1.05624,0.1936,134.149,0.0100035,875.514,
sun,1.5,50,12,16,5,100,1,1.03413,0.5744,4.78918,0.00990203,875.514,
text-to-image,1.5,50,12,16,5,100,1,1.04701,0.5596,136.397,0.0099026,875.514,
trevi,1.5,50,12,16,5,100,1,1.0258,0.6706,9.44509,0.0100093,875.514,
uqv,1.5,50,12,16,5,100,1,2.08729,0.0002,0.11285,0.00010605,875.514,
ukbench,1.5,50,12,16,5,100,1,1.01217,0.829,115.793,0.00810728,875.515,
word2vec,1.5,50,12,16,5,100,1,1.03047,0.2886,119.212,0.0100029,875.515,
yahoomusic,1.5,50,12,16,5,100,1,1.03471,0.601,7.10929,0.00998684,875.515,
tiny5m,1.5,50,12,16,5,100,1,1.01792,0.486,545.315,0.00969997,875.515,
sift,1.5,50,15,16,5,100,1,1.00078,0.9746,229.686,0.0662735,1108.14,
uqv,1.5,50,15,16,5,100,1,2.03812,0.0006,0.1868,0.00010587,1108.14,
ukbench,1.5,50,15,16,5,100,1,1.00115,0.943,249.971,0.0627962,1108.14,
sift,1.5,50,15,16,5,100,1,1.00064,0.9782,177.842,0.0524175,1108.14,
sift,1.5,50,15,16,5,100,1,1.00047,0.9842,192.433,0.0754066,1108.14,
sift,1.5,50,15,16,5,100,300,1.00043,0.9862,218.525,0.0710165,1108.14,
sift,1.75,50,15,16,5,100,1,1.00111,0.9638,218.808,0.0608471,1108.14,
uqv,1.5,50,15,16,5,100,1,2.08338,0.002,0.12345,0.00010598,1108.14,
uqv,1.5,50,15,16,5,100,1,1.98726,0.0034,0.1228,0.00010747,1108.14,
sift,1.5,50,15,16,5,100,20,1.00048,0.9844,266.573,0.071977,1108.14,
sift,1.25,50,15,16,5,100,1,1.00018,0.9928,284.622,0.0865861,1108.14,
uqv,1.75,50,15,16,5,100,1,2.02271,0.0064,0.13979,0.00010612,1108.14,
uqv,1.5,50,15,16,5,100,300,2.19346,0.0008,0.20552,0.00010611,1108.14,
uqv,1.5,50,15,16,5,100,20,2.02908,0.0042,0.18101,0.00010652,1108.14,
uqv,1.25,50,15,16,5,100,1,2.0189,0.0042,0.17809,0.00010677,1108.14,
ukbench,1.5,50,15,16,5,100,1,1.00067,0.9462,177.732,0.0432723,1108.14,
deep,1.5,50,15,16,5,100,1,1.00134,0.9284,318.261,0.101631,1108.14,
ukbench,1.5,50,15,16,5,100,1,1.00051,0.9554,207.643,0.0791107,1108.14,
ukbench,1.75,50,15,16,5,100,1,1.00152,0.9388,240.642,0.0738552,1108.14,
ukbench,1.5,50,15,16,5,100,300,1.03403,0.9104,294.825,0.0779649,1108.14,
ukbench,1.25,50,15,16,5,100,1,1.00032,0.9578,277.055,0.0741873,1108.14,
ukbench,1.5,50,15,16,5,100,20,1.00112,0.9422,282.477,0.0690279,1108.14,
deep,1.5,50,15,16,5,100,1,1.00278,0.8996,217.142,0.0690936,1108.14,
deep,1.5,50,15,16,5,100,300,1.75909,0.2776,0.08295,2.597e-05,1108.14,
deep,1.5,50,15,16,5,100,20,1.75926,0.2786,0.09792,2.67e-05,1108.14,
deep,1.5,50,15,16,5,100,1,1.00107,0.9382,241.511,0.113309,1108.14,
imageNet,1.5,50,15,16,5,100,300,2.15136,0.2776,0.1198,1.11521e-05,1108.14,
deep,1.75,50,15,16,5,100,1,1.00213,0.9078,305.721,0.0949966,1108.14,
imageNet,1.5,50,15,16,5,100,20,2.07966,0.2776,0.14066,1.08872e-05,1108.14,
imageNet,1.5,50,15,16,5,100,1,1.188,0.5948,158.31,0.0233445,1108.14,
imageNet,1.5,50,15,16,5,100,1,1.18582,0.6068,256.469,0.0565453,1108.14,
deep,1.25,50,15,16,5,100,1,1.00077,0.9428,355.561,0.13808,1108.14,
imageNet,1.5,50,15,16,5,100,1,1.18029,0.6014,307.076,0.0643616,1108.14,
imageNet,1.75,50,15,16,5,100,1,1.20174,0.5878,255.835,0.0419369,1108.14,
imageNet,1.25,50,15,16,5,100,1,1.19937,0.6044,282.243,0.0423577,1108.14,
ethz,1.75,50,15,16,5,100,1,1.00028,0.9782,2.07294,0.0434367,1191.82,
ethz,1.5,50,15,16,5,100,1,1.00078,0.9632,1.66128,0.0362863,1191.82,
ethz,1.5,50,15,16,5,100,300,1.00036,0.977,2.08612,0.0482414,1191.82,
ethz,1.5,50,15,16,5,100,20,1.00041,0.9722,2.13661,0.0469754,1191.82,
ethz,1.5,50,15,16,5,100,1,1.0003,0.9778,2.25682,0.0481855,1191.82,
ethz,1.5,50,15,16,5,100,1,1.0001,0.9914,2.50284,0.0632443,1191.82,
ethz,1.25,50,15,16,5,100,1,1.00029,0.9788,2.39916,0.053038,1191.82,
vcseis,1.5,50,15,16,5,100,20,1.00002,0.0864,21.8439,0.0956196,1191.82,
vcseis,1.25,50,15,16,5,100,1,1.00082,0.865,24.0694,0.109589,1191.82,
vcseis,1.75,50,15,16,5,100,1,1.0013,0.8378,26.7266,0.0922155,1191.82,
vcseis,1.5,50,15,16,5,100,1,1.00049,0.8838,31.6359,0.147265,1191.82,
vcseis,1.5,50,15,16,5,100,1,1.00143,0.8262,32.2831,0.060855,1191.82,
vcseis,1.5,50,15,16,5,100,300,1.02144,0.8288,32.9151,0.100509,1191.82,
vcseis,1.5,50,15,16,5,100,1,1.00083,0.8664,38.866,0.0985884,1191.82,
txed,1.5,50,15,16,5,100,1,1.00261,0.8318,91.3087,0.0921064,1191.82,
txed,1.5,50,15,16,5,100,20,1.00341,0.8368,106.314,0.151868,1191.82,
txed,1.75,50,15,16,5,100,1,1.00228,0.8784,113.014,0.153108,1191.82,
txed,1.25,50,15,16,5,100,1,1.00182,0.8968,118.918,0.174232,1191.82,
txed,1.5,50,15,16,5,100,300,1.02432,0.841,108.356,0.169437,1191.82,
txed,1.5,50,15,16,5,100,1,1.00158,0.8994,111.525,0.169844,1191.82,
txed,1.5,50,15,16,5,100,1,1.00082,0.9528,157.353,0.302394,1191.82,
lendb,1.5,50,15,16,5,100,20,4.32207,0.0004,0.09404,0.00010592,1191.82,
lendb,1.5,50,15,16,5,100,1,4.32207,0.0004,0.10196,0.00010592,1191.82,
lendb,1.25,50,15,16,5,100,1,4.38793,0.0004,0.12528,0.00010537,1191.82,
lendb,1.75,50,15,16,5,100,1,4.38793,0.0004,0.14668,0.00010537,1191.82,
lendb,1.5,50,15,16,5,100,1,3.06517,0.001,0.15044,0.00010629,1191.82,
lendb,1.5,50,15,16,5,100,300,3.28893,0,0.14768,0.00010561,1191.82,
lendb,1.5,50,15,16,5,100,1,2.85358,0.0012,0.10844,0.00010637,1191.82,
stead,1.5,50,15,16,5,100,1,1.00238,0.8006,160.09,0.0822126,1191.82,
stead,1.5,50,15,16,5,100,300,1.06877,0.5428,147.518,0.119636,1191.82,
stead,1.25,50,15,16,5,100,1,1.00109,0.9058,210.564,0.152543,1191.82,
stead,1.5,50,15,16,5,100,20,1.00146,0.8922,222.208,0.158053,1191.82,
stead,1.75,50,15,16,5,100,1,1.00133,0.9106,214.06,0.145977,1191.82,
stead,1.5,50,15,16,5,100,1,1.00116,0.8934,212.899,0.137196,1191.82,
geofon,1.75,50,15,16,5,100,1,1.00095,0.9746,19.1874,0.00902415,1191.82,
geofon,1.5,50,15,16,5,100,1,1.00015,0.9952,22.5273,0.0308149,1191.82,
geofon,1.5,50,15,16,5,100,1,1.00039,0.9892,23.9388,0.023793,1191.82,
geofon,1.5,50,15,16,5,100,300,1.00013,0.9958,21.3701,0.020565,1191.82,
geofon,1.25,50,15,16,5,100,1,1.00001,0.9996,20.2309,0.0289866,1191.82,
geofon,1.5,50,15,16,5,100,20,1.00004,0.9984,18.6187,0.0233998,1191.82,
stead,1.5,50,15,16,5,100,1,1.00029,0.9728,273.669,0.247981,1191.82,
geofon,1.5,50,15,16,5,100,1,1.00006,0.9974,17.8764,0.0240571,1191.82,
instancegm,1.75,50,15,16,5,100,1,10.7777,0.057,0.1072,0.00010654,1191.82,
instancegm,1.5,50,15,16,5,100,1,10.7777,0.057,0.11004,0.00010654,1191.82,
instancegm,1.25,50,15,16,5,100,1,12.2807,0.0438,0.09854,0.00010681,1191.82,
instancegm,1.5,50,15,16,5,100,20,12.3054,0.0384,0.127,0.00010668,1191.82,
instancegm,1.5,50,15,16,5,100,300,12.3515,0.0324,0.09982,0.00010648,1191.82,
instancegm,1.5,50,15,16,5,100,1,12.2807,0.0438,0.13932,0.00010681,1191.82,
instancegm,1.5,50,15,16,5,100,1,9.72812,0.0764,0.09966,0.00010725,1191.82,
Music,1.5,50,15,16,5,100,300,1.06729,0.0004,1.44224,0.00010613,1196.66,
Yelp,1.5,50,15,16,5,100,300,1.10906,0.0062,0.24254,0.00136795,1196.66,
Music,1.5,50,15,16,5,100,1,1.00422,0.5258,168.378,0.0998631,1196.66,
Yelp,1.5,50,15,16,5,100,1,1.00529,0.658,7.62114,0.0976762,1196.66,
Music,1.5,50,15,16,5,100,20,1.00294,0.6074,202.784,0.194817,1196.66,
Yelp,1.5,50,15,16,5,100,20,1.0079,0.5228,4.38085,0.187131,1196.66,
Music,1.75,50,15,16,5,100,1,1.00307,0.633,206.185,0.189216,1196.66,
Music,1.5,50,15,16,5,100,1,1.00247,0.6738,229.477,0.198312,1196.66,
Yelp,1.75,50,15,16,5,100,1,1.00227,0.7978,18.344,0.19642,1196.66,
Yelp,1.5,50,15,16,5,100,1,1.00234,0.7998,12.6488,0.184333,1196.66,
Music,1.25,50,15,16,5,100,1,1.00242,0.6814,258.159,0.199323,1196.67,
Yelp,1.25,50,15,16,5,100,1,1.00285,0.7868,15.6187,0.190993,1196.67,
Music,1.5,50,15,16,5,100,1,1.00087,0.8402,325.714,0.389193,1196.67,
Yelp,1.5,50,15,16,5,100,1,1.00097,0.9278,16.3495,0.368928,1196.67,
Music,1.5,50,15,16,5,100,1,1.00235,0.6502,234.005,0.184514,1336.15,
Yelp,1.5,50,15,16,5,100,1,1.00271,0.801,13.5719,0.182571,1336.15,
Yelp,1.75,50,15,16,5,100,1,1.00406,0.7454,13.2549,0.172843,1336.15,
Yelp,1.25,50,15,16,5,100,1,1.00229,0.8124,18.6304,0.190833,1336.15,
Yelp,1.5,50,15,16,5,100,20,1.00846,0.5374,7.55488,0.185743,1336.15,
Yelp,1.5,50,15,16,5,100,300,1.10702,0.0052,0.32016,0.00137482,1336.15,
Yelp,1.5,50,15,16,5,100,1,1.00581,0.6394,10.5486,0.0979023,1336.15,
Yelp,1.5,50,15,16,5,100,1,1.00068,0.9326,20.2859,0.357565,1336.15,
Music,1.75,50,15,16,5,100,1,1.0022,0.655,227.767,0.1873,1336.15,
Music,1.25,50,15,16,5,100,1,1.00142,0.744,264.131,0.19608,1336.15,
Iquique,1.5,50,15,16,5,100,1,1.00869,0.7212,169.307,0.174438,1336.15,
Music,1.5,50,15,16,5,100,20,1.00281,0.6394,218.312,0.190269,1336.15,
Music,1.5,50,15,16,5,100,300,1.06709,0.0004,1.57714,0.0001057,1336.15,
Iquique,1.75,50,15,16,5,100,1,1.00542,0.7874,152.341,0.146024,1336.15,
OBS,1.5,50,15,16,5,100,1,1.00227,0.9066,88.224,0.0395781,1336.15,
ISC_EHB_DepthPhases,1.5,50,15,16,5,100,1,1.0004,0.9846,44.8071,0.0128864,1336.15,
Music,1.5,50,15,16,5,100,1,1.00337,0.5196,183.194,0.0986165,1336.15,
Iquique,1.25,50,15,16,5,100,1,1.00437,0.814,166.3,0.169604,1336.15,
Meier2019JGR,1.5,50,15,16,5,100,1,1.01216,0.8266,135.647,0.156341,1336.15,
NEIC,1.5,50,15,16,5,100,1,1.00061,0.897,145.852,0.0791214,1336.15,
OBS,1.75,50,15,16,5,100,1,1.00717,0.8646,109.289,0.0398862,1336.15,
ISC_EHB_DepthPhases,1.75,50,15,16,5,100,1,1.00065,0.9784,42.3454,0.0102002,1336.15,
PNW,1.5,50,15,16,5,100,1,1.00346,0.3018,222.629,0.178005,1336.15,
Iquique,1.5,50,15,16,5,100,20,1.00607,0.7658,158.274,0.168298,1336.15,
ISC_EHB_DepthPhases,1.25,50,15,16,5,100,1,1,1,64.511,0.0209304,1336.15,
OBST2024,1.5,50,15,16,5,100,1,1.00053,0.9766,329.479,0.194057,1336.15,
OBS,1.25,50,15,16,5,100,1,1.0029,0.8986,98.5491,0.0416357,1336.15,
Meier2019JGR,1.75,50,15,16,5,100,1,1.01336,0.8624,132.163,0.16248,1336.15,
Iquique,1.5,50,15,16,5,100,300,1.41277,0.0008,0.19466,0.000183484,1336.15,
NEIC,1.75,50,15,16,5,100,1,1.00077,0.8894,161.045,0.0899645,1336.15,
Music,1.5,50,15,16,5,100,1,1.001,0.8276,326.369,0.363893,1336.15,
ISC_EHB_DepthPhases,1.5,50,15,16,5,100,20,1.75573,0.322,27.2814,0.0128059,1336.15,
PNW,1.75,50,15,16,5,100,1,1.00602,0.2854,223.564,0.169194,1336.15,
OBS,1.5,50,15,16,5,100,20,1.20244,0.5434,86.028,0.0441444,1336.15,
ISC_EHB_DepthPhases,1.5,50,15,16,5,100,300,6.90854,0.0008,0.20853,0.00010646,1336.15,
Iquique,1.5,50,15,16,5,100,1,1.00905,0.6938,126.496,0.0845954,1336.15,
Meier2019JGR,1.25,50,15,16,5,100,1,1.01155,0.8436,112.378,0.136622,1336.15,
OBS,1.5,50,15,16,5,100,300,4.67701,0.001,0.10863,0.00010449,1336.15,
NEIC,1.25,50,15,16,5,100,1,1.00059,0.8982,177.419,0.0932512,1336.15,
ISC_EHB_DepthPhases,1.5,50,15,16,5,100,1,1.00034,0.9884,69.5552,0.0119099,1336.15,
OBST2024,1.75,50,15,16,5,100,1,1.00189,0.9336,318.466,0.182611,1336.15,
OBS,1.5,50,15,16,5,100,1,1.00582,0.8824,102.947,0.0220759,1336.15,
Meier2019JGR,1.5,50,15,16,5,100,20,1.01623,0.8208,142.699,0.176404,1336.15,
Iquique,1.5,50,15,16,5,100,1,1.0024,0.8844,215.48,0.285049,1336.15,
PNW,1.25,50,15,16,5,100,1,1.00283,0.3052,269.293,0.17786,1336.15,
ISC_EHB_DepthPhases,1.5,50,15,16,5,100,1,1.00043,0.988,56.0673,0.0100934,1336.15,
Meier2019JGR,1.5,50,15,16,5,100,300,1.58031,0.0156,0.08113,0.00010542,1336.15,
NEIC,1.5,50,15,16,5,100,20,1.13099,0.674,145.14,0.0797227,1336.15,
OBS,1.5,50,15,16,5,100,1,1.00558,0.887,122.407,0.0695536,1336.15,
NEIC,1.5,50,15,16,5,100,300,3.82561,0.0002,0.18032,0.00010592,1336.15,
Meier2019JGR,1.5,50,15,16,5,100,1,1.00895,0.873,62.1832,0.0743327,1336.15,
PNW,1.5,50,15,16,5,100,20,1.00437,0.284,223.943,0.168827,1336.15,
OBST2024,1.25,50,15,16,5,100,1,1.00088,0.9596,314.45,0.196224,1336.15,
PNW,1.5,50,15,16,5,100,300,1.43361,0,0.07762,0.00010453,1336.15,
NEIC,1.5,50,15,16,5,100,1,1.0046,0.8418,143.941,0.0548313,1336.15,
Meier2019JGR,1.5,50,15,16,5,100,1,1.01412,0.8258,271.676,0.340292,1336.15,
PNW,1.5,50,15,16,5,100,1,1.0039,0.2916,175.099,0.088953,1336.15,
NEIC,1.5,50,15,16,5,100,1,1.00038,0.903,191.284,0.124844,1336.15,
OBST2024,1.5,50,15,16,5,100,20,1.00177,0.9522,305.482,0.189921,1336.15,
OBST2024,1.5,50,15,16,5,100,300,1.39308,0,0.15334,0.00010591,1336.15,
PNW,1.5,50,15,16,5,100,1,1.00098,0.3668,345.942,0.345649,1336.15,
OBST2024,1.5,50,15,16,5,100,1,1.00477,0.877,235.902,0.0996697,1336.15,
OBST2024,1.5,50,15,16,5,100,1,1.00031,0.9864,436.2,0.371231,1336.15,
